year,tmID,franchID,confID,rank,playoff,firstRound,semis,finals,won,lost,GP,homeW,homeL,awayW,awayL,confW,confL,min,coach_experience,player_average_height,player_average_weight,player_total_GP,player_total_GS,player_total_points,player_total_oRebounds,player_total_dRebounds,player_total_rebounds,player_total_assists,player_total_steals,player_total_blocks,player_total_turnovers,player_total_PF,player_total_fgAttempted,player_total_fgMade,player_total_ftAttempted,player_total_ftMade,player_total_threeAttempted,player_total_threeMade,player_total_dq,player_total_PostGP,player_total_PostGS,player_total_PostMinutes,player_total_PostPoints,player_total_PostoRebounds,player_total_PostdRebounds,player_total_PostRebounds,player_total_PostAssists,player_total_PostSteals,player_total_PostBlocks,player_total_PostTurnovers,player_total_PostPF,player_total_PostfgAttempted,player_total_PostfgMade,player_total_PostftAttempted,player_total_PostftMade,player_total_PostthreeAttempted,player_total_PostthreeMade,player_total_PostDQ,player_total_awards,winrate,home_winrate,away_winrate,conf_winrate,o_fg_pct,o_ft_pct,o_3p_pct,o_oreb_pct,o_dreb_pct,d_fg_pct,d_ft_pct,d_3p_pct,d_oreb_pct,d_dreb_pct,pts_diff
9,ATL,ATL,EA,7.0,N,,,,4.0,30.0,34.0,1.0,16.0,3.0,14.0,2.0,18.0,6825.0,0.0,185.3571428571429,76.0,319.0,166.0,2314.0,297.0,650.0,947.0,482.0,282.0,115.0,499.0,705.0,2114.0,818.0,637.0,476.0,598.0,202.0,7.0,0.0,0.0,0.0,0.0,0.0,0.0,0.0,0.0,0.0,0.0,0.0,0.0,0.0,0.0,0.0,0.0,0.0,0.0,0.0,0.0,0.1176470588235294,0.0588235294117647,0.1764705882352941,0.1,0.3963684676705049,0.7475862068965518,0.3377926421404682,0.3156917363045496,0.6843082636954503,0.4498669032830523,0.7396514161220044,0.3426294820717131,0.31699604743083,0.68300395256917,-345.0
10,ATL,ATL,EA,2.0,Y,L,,,18.0,16.0,34.0,12.0,5.0,6.0,11.0,10.0,12.0,6950.0,110.0,183.69230769230768,71.6923076923077,351.0,170.0,2861.0,404.0,855.0,1259.0,547.0,329.0,121.0,567.0,741.0,2428.0,1089.0,755.0,569.0,374.0,114.0,5.0,19.0,10.0,402.0,168.0,21.0,40.0,61.0,33.0,15.0,4.0,41.0,45.0,135.0,58.0,60.0,40.0,29.0,12.0,0.0,1.0,0.5294117647058824,0.7058823529411765,0.3529411764705882,0.4545454545454545,0.4485172981878089,0.7536423841059603,0.3048128342245989,0.3208895949166004,0.6791104050833995,0.4214980956411341,0.7732342007434945,0.3415094339622641,0.3006814310051107,0.6993185689948893,64.0
1,CHA,CHA,EA,8.0,N,,,,8.0,24.0,32.0,5.0,11.0,3.0,13.0,5.0,16.0,6475.0,0.0,181.6153846153846,76.0,318.0,160.0,2186.0,305.0,630.0,935.0,551.0,222.0,90.0,483.0,713.0,1903.0,812.0,577.0,431.0,386.0,131.0,8.0,0.0,0.0,0.0,0.0,0.0,0.0,0.0,0.0,0.0,0.0,0.0,0.0,0.0,0.0,0.0,0.0,0.0,0.0,0.0,0.0,0.25,0.3125,0.1875,0.238095238095238,0.4266946925906463,0.7469670710571924,0.3393782383419689,0.3262032085561497,0.6737967914438503,0.455440414507772,0.744413407821229,0.3262411347517731,0.3292929292929293,0.6707070707070707,-243.0
2,CHA,CHA,EA,4.0,Y,W,W,L,18.0,14.0,32.0,11.0,5.0,7.0,9.0,15.0,6.0,6500.0,56.0,181.08333333333331,74.0,302.0,160.0,2055.0,309.0,639.0,948.0,467.0,217.0,114.0,464.0,605.0,1780.0,746.0,528.0,410.0,428.0,153.0,5.0,72.0,40.0,1600.0,463.0,67.0,146.0,213.0,112.0,49.0,31.0,104.0,143.0,429.0,177.0,90.0,70.0,103.0,39.0,0.0,0.0,0.5625,0.6875,0.4375,0.7142857142857143,0.4191011235955056,0.7765151515151515,0.3574766355140187,0.3259493670886076,0.6740506329113924,0.3965330444203683,0.7669039145907474,0.3089430894308943,0.3776070252469813,0.6223929747530187,46.0
3,CHA,CHA,EA,2.0,Y,L,,,18.0,14.0,32.0,11.0,5.0,7.0,9.0,12.0,9.0,6450.0,224.0,180.6153846153846,74.23076923076923,269.0,160.0,2146.0,270.0,594.0,864.0,478.0,228.0,90.0,366.0,586.0,1708.0,737.0,627.0,465.0,516.0,207.0,8.0,17.0,10.0,369.0,104.0,18.0,38.0,56.0,27.0,14.0,4.0,23.0,28.0,114.0,42.0,19.0,9.0,42.0,11.0,0.0,0.0,0.5625,0.6875,0.4375,0.5714285714285714,0.4301675977653631,0.7390648567119156,0.4003795066413662,0.3162303664921466,0.6837696335078534,0.4305478693967902,0.7424749163879598,0.3575268817204301,0.3224043715846995,0.6775956284153005,108.0
4,CHA,CHA,EA,2.0,Y,L,,,18.0,16.0,34.0,13.0,4.0,5.0,12.0,12.0,12.0,6850.0,0.0,180.1818181818182,74.0,339.0,170.0,2208.0,340.0,627.0,967.0,496.0,279.0,115.0,468.0,691.0,1873.0,784.0,586.0,453.0,517.0,187.0,3.0,22.0,10.0,400.0,128.0,21.0,31.0,52.0,28.0,12.0,7.0,22.0,40.0,112.0,44.0,34.0,27.0,31.0,13.0,1.0,0.0,0.5294117647058824,0.7647058823529411,0.2941176470588235,0.5,0.41839447102605,0.7728813559322034,0.3617021276595745,0.3522142121524201,0.6477857878475798,0.4153522607781283,0.7151424287856072,0.339066339066339,0.3833167825223436,0.6166832174776564,22.0
5,CHA,CHA,EA,5.0,N,,,,16.0,18.0,34.0,10.0,7.0,6.0,11.0,8.0,12.0,6900.0,260.0,182.28571428571428,75.5,341.0,170.0,2092.0,256.0,616.0,872.0,426.0,210.0,134.0,451.0,648.0,1744.0,745.0,590.0,436.0,459.0,166.0,4.0,0.0,0.0,0.0,0.0,0.0,0.0,0.0,0.0,0.0,0.0,0.0,0.0,0.0,0.0,0.0,0.0,0.0,0.0,0.0,0.0,0.4705882352941176,0.5882352941176471,0.3529411764705882,0.4,0.4271788990825688,0.7389830508474576,0.3616557734204793,0.2935779816513761,0.7064220183486238,0.4140786749482402,0.7461669505962522,0.3724928366762177,0.3694779116465863,0.6305220883534136,-76.0
6,CHA,CHA,EA,6.0,N,,,,6.0,28.0,34.0,5.0,12.0,1.0,16.0,4.0,16.0,6945.0,382.5882352941177,182.5,75.8125,338.0,170.0,2095.0,316.0,609.0,925.0,493.0,284.0,113.0,510.0,727.0,1913.0,772.0,624.0,447.0,301.0,104.0,10.0,0.0,0.0,0.0,0.0,0.0,0.0,0.0,0.0,0.0,0.0,0.0,0.0,0.0,0.0,0.0,0.0,0.0,0.0,0.0,0.0,0.1764705882352941,0.2941176470588235,0.0588235294117647,0.2,0.4035546262415055,0.7163461538461539,0.3455149501661129,0.3416216216216216,0.6583783783783784,0.4507415254237288,0.7138849929873773,0.3657817109144542,0.3364928909952606,0.6635071090047393,-240.0
7,CHA,CHA,EA,6.0,N,,,,11.0,23.0,34.0,7.0,10.0,4.0,13.0,6.0,14.0,6825.0,210.0,184.66666666666663,77.58333333333333,351.0,170.0,2456.0,347.0,747.0,1094.0,527.0,315.0,155.0,545.0,734.0,2178.0,864.0,777.0,552.0,544.0,176.0,6.0,0.0,0.0,0.0,0.0,0.0,0.0,0.0,0.0,0.0,0.0,0.0,0.0,0.0,0.0,0.0,0.0,0.0,0.0,0.0,0.0,0.3235294117647059,0.4117647058823529,0.2352941176470588,0.3,0.396694214876033,0.7104247104247104,0.3235294117647059,0.3171846435100548,0.6828153564899452,0.4239181014425314,0.7509481668773704,0.3333333333333333,0.2983870967741935,0.7016129032258065,-115.0
7,CHI,CHI,EA,7.0,N,,,,5.0,29.0,34.0,3.0,14.0,2.0,15.0,4.0,16.0,6800.0,0.0,183.4,74.53333333333333,337.0,170.0,2322.0,357.0,680.0,1037.0,509.0,277.0,125.0,486.0,674.0,2175.0,858.0,643.0,449.0,536.0,157.0,4.0,0.0,0.0,0.0,0.0,0.0,0.0,0.0,0.0,0.0,0.0,0.0,0.0,0.0,0.0,0.0,0.0,0.0,0.0,0.0,0.0,0.1470588235294117,0.1764705882352941,0.1176470588235294,0.2,0.3944827586206896,0.6982892690513219,0.292910447761194,0.3442622950819672,0.6557377049180327,0.4522589659990684,0.7404891304347826,0.373134328358209,0.3058918482647296,0.6941081517352704,-365.0
8,CHI,CHI,EA,6.0,N,,,,14.0,20.0,34.0,6.0,11.0,8.0,9.0,6.0,14.0,6972.0,0.0,181.07142857142856,75.78571428571429,348.0,170.0,2525.0,383.0,782.0,1165.0,597.0,262.0,112.0,493.0,634.0,2277.0,925.0,723.0,489.0,544.0,186.0,5.0,0.0,0.0,0.0,0.0,0.0,0.0,0.0,0.0,0.0,0.0,0.0,0.0,0.0,0.0,0.0,0.0,0.0,0.0,0.0,1.0,0.4117647058823529,0.3529411764705882,0.4705882352941176,0.3,0.4062362758014932,0.6763485477178424,0.3419117647058823,0.3287553648068669,0.671244635193133,0.4293357111012037,0.780373831775701,0.3825363825363825,0.3093877551020408,0.6906122448979591,-86.0
9,CHI,CHI,EA,5.0,N,,,,12.0,22.0,34.0,8.0,9.0,4.0,13.0,10.0,10.0,6875.0,0.0,183.3846153846154,76.84615384615384,339.0,170.0,2472.0,357.0,770.0,1127.0,548.0,269.0,149.0,485.0,639.0,2100.0,899.0,812.0,564.0,341.0,110.0,4.0,0.0,0.0,0.0,0.0,0.0,0.0,0.0,0.0,0.0,0.0,0.0,0.0,0.0,0.0,0.0,0.0,0.0,0.0,0.0,0.0,0.3529411764705882,0.4705882352941176,0.2352941176470588,0.5,0.4280952380952381,0.6945812807881774,0.3225806451612903,0.3167701863354037,0.6832298136645962,0.4162505674080798,0.7725190839694657,0.3346456692913386,0.3155172413793103,0.6844827586206896,-38.0
10,CHI,CHI,EA,5.0,N,,,,16.0,18.0,34.0,12.0,5.0,4.0,13.0,10.0,12.0,6825.0,350.0,182.16666666666663,74.08333333333333,333.0,165.0,2513.0,293.0,757.0,1050.0,529.0,244.0,134.0,490.0,584.0,2093.0,907.0,671.0,513.0,469.0,186.0,2.0,0.0,0.0,0.0,0.0,0.0,0.0,0.0,0.0,0.0,0.0,0.0,0.0,0.0,0.0,0.0,0.0,0.0,0.0,0.0,0.0,0.4705882352941176,0.7058823529411765,0.2352941176470588,0.4545454545454545,0.4353932584269663,0.7604617604617605,0.3949044585987261,0.283471837488458,0.716528162511542,0.4424856765094755,0.7814029363784666,0.3473861720067454,0.310553633217993,0.6894463667820069,-120.0
1,CLE,CLE,EA,2.0,Y,W,L,,17.0,15.0,32.0,13.0,3.0,4.0,12.0,13.0,8.0,6500.0,0.0,179.69230769230768,73.23076923076923,313.0,160.0,2185.0,331.0,603.0,934.0,539.0,259.0,91.0,529.0,647.0,1828.0,809.0,570.0,426.0,407.0,141.0,7.0,61.0,30.0,1200.0,358.0,72.0,133.0,205.0,97.0,52.0,13.0,81.0,90.0,340.0,136.0,89.0,63.0,91.0,23.0,0.0,0.0,0.53125,0.8125,0.25,0.6190476190476191,0.4425601750547046,0.7473684210526316,0.3464373464373464,0.354389721627409,0.645610278372591,0.4395229982964225,0.7804459691252144,0.3233695652173913,0.3172966781214204,0.6827033218785796,63.0
2,CLE,CLE,EA,1.0,Y,L,,,22.0,10.0,32.0,14.0,2.0,8.0,8.0,15.0,6.0,6425.0,106.0,182.06666666666663,76.93333333333334,304.0,160.0,2004.0,297.0,662.0,959.0,503.0,267.0,83.0,431.0,532.0,1770.0,763.0,505.0,372.0,335.0,106.0,1.0,27.0,15.0,600.0,179.0,36.0,48.0,84.0,53.0,24.0,12.0,35.0,54.0,162.0,68.0,41.0,34.0,33.0,9.0,0.0,0.0,0.6875,0.875,0.5,0.7142857142857143,0.4310734463276836,0.7366336633663366,0.3164179104477612,0.3096976016684046,0.6903023983315955,0.3805157593123209,0.7387387387387387,0.316546762589928,0.3333333333333333,0.6666666666666666,216.0
3,CLE,CLE,EA,7.0,N,,,,10.0,22.0,32.0,4.0,12.0,6.0,10.0,7.0,14.0,6550.0,311.0,181.23076923076923,75.76923076923077,304.0,160.0,2071.0,295.0,674.0,969.0,480.0,221.0,83.0,440.0,567.0,1820.0,760.0,553.0,430.0,374.0,121.0,8.0,0.0,0.0,0.0,0.0,0.0,0.0,0.0,0.0,0.0,0.0,0.0,0.0,0.0,0.0,0.0,0.0,0.0,0.0,0.0,0.0,0.3125,0.25,0.375,0.3333333333333333,0.4175824175824176,0.7775768535262206,0.3235294117647059,0.304437564499484,0.695562435500516,0.4345692475463468,0.761996161228407,0.3378684807256236,0.3028322440087146,0.6971677559912854,-69.0
4,CLE,CLE,EA,4.0,Y,L,,,17.0,17.0,34.0,11.0,6.0,6.0,11.0,13.0,11.0,6825.0,435.0,181.54545454545453,74.72727272727273,332.0,170.0,2229.0,349.0,720.0,1069.0,517.0,226.0,86.0,450.0,639.0,1975.0,815.0,643.0,464.0,425.0,135.0,4.0,31.0,15.0,600.0,203.0,22.0,74.0,96.0,42.0,22.0,12.0,39.0,67.0,173.0,67.0,77.0,59.0,35.0,10.0,0.0,0.0,0.5,0.6470588235294118,0.3529411764705882,0.5416666666666666,0.4126582278481012,0.7216174183514774,0.3176470588235294,0.3264733395696913,0.6735266604303087,0.419823559937727,0.7660626029654036,0.3577464788732394,0.298804780876494,0.701195219123506,19.0
4,CON,CON,EA,3.0,Y,W,L,,18.0,16.0,34.0,10.0,7.0,8.0,9.0,11.0,13.0,6875.0,0.0,181.63636363636363,76.45454545454545,336.0,170.0,2384.0,333.0,762.0,1095.0,520.0,270.0,111.0,428.0,663.0,2102.0,864.0,646.0,479.0,549.0,177.0,5.0,37.0,20.0,800.0,272.0,26.0,83.0,109.0,65.0,26.0,13.0,38.0,75.0,221.0,103.0,67.0,54.0,48.0,12.0,0.0,0.0,0.5294117647058824,0.5882352941176471,0.4705882352941176,0.4583333333333333,0.4110371075166508,0.7414860681114551,0.3224043715846995,0.3041095890410959,0.6958904109589041,0.4106463878326996,0.7563150074294205,0.3208955223880597,0.3106960950764006,0.6893039049235993,-25.0
5,CON,CON,EA,1.0,Y,W,W,L,18.0,16.0,34.0,10.0,7.0,8.0,9.0,14.0,6.0,6900.0,260.0,179.8181818181818,75.0,330.0,170.0,2335.0,321.0,724.0,1045.0,572.0,299.0,96.0,444.0,610.0,2051.0,876.0,590.0,434.0,467.0,149.0,1.0,75.0,40.0,1600.0,529.0,78.0,173.0,251.0,114.0,71.0,20.0,103.0,128.0,470.0,191.0,143.0,110.0,102.0,37.0,0.0,1.0,0.5294117647058824,0.5882352941176471,0.4705882352941176,0.7,0.4271087274500244,0.735593220338983,0.3190578158458244,0.307177033492823,0.692822966507177,0.4298597194388777,0.7395659432387313,0.3776041666666667,0.2878645343367827,0.7121354656632173,31.0
6,CON,CON,EA,1.0,Y,W,W,W,26.0,8.0,34.0,14.0,3.0,12.0,5.0,13.0,7.0,6800.0,572.0,182.0,78.83333333333333,322.0,170.0,2474.0,322.0,788.0,1110.0,573.0,236.0,130.0,442.0,624.0,2025.0,916.0,688.0,512.0,373.0,130.0,1.0,74.0,40.0,1650.0,554.0,70.0,190.0,260.0,108.0,54.0,41.0,103.0,135.0,445.0,187.0,192.0,139.0,114.0,41.0,0.0,0.0,0.7647058823529411,0.8235294117647058,0.7058823529411765,0.65,0.4523456790123457,0.7441860465116279,0.3485254691689008,0.29009009009009,0.7099099099099099,0.3976190476190476,0.7545909849749582,0.305,0.3246753246753247,0.6753246753246753,230.0
7,CON,CON,EA,1.0,Y,W,L,,26.0,8.0,34.0,14.0,3.0,12.0,5.0,15.0,5.0,6825.0,1104.0,181.64285714285717,78.78571428571429,347.0,170.0,2683.0,342.0,926.0,1268.0,630.0,252.0,153.0,486.0,530.0,2216.0,982.0,675.0,545.0,510.0,174.0,1.0,48.0,25.0,1000.0,335.0,61.0,123.0,184.0,72.0,28.0,28.0,68.0,84.0,340.0,121.0,96.0,67.0,91.0,26.0,0.0,1.0,0.7647058823529411,0.8235294117647058,0.7058823529411765,0.75,0.4431407942238267,0.8074074074074075,0.3411764705882353,0.2697160883280757,0.7302839116719243,0.402206194314807,0.716,0.3208661417322834,0.3209019947961838,0.6790980052038161,266.0
8,CON,CON,EA,3.0,Y,L,,,18.0,16.0,34.0,8.0,9.0,10.0,7.0,10.0,10.0,6925.0,1713.0,182.30769230769232,78.15384615384616,344.0,170.0,2675.0,354.0,868.0,1222.0,619.0,272.0,156.0,522.0,641.0,2327.0,1001.0,615.0,478.0,572.0,195.0,4.0,29.0,15.0,701.0,240.0,26.0,92.0,118.0,58.0,19.0,15.0,48.0,57.0,231.0,94.0,42.0,32.0,69.0,20.0,0.0,0.0,0.5294117647058824,0.4705882352941176,0.5882352941176471,0.5,0.4301675977653631,0.7772357723577236,0.3409090909090909,0.2896890343698854,0.7103109656301145,0.421234354769098,0.7587859424920128,0.3422680412371134,0.2858354537743851,0.714164546225615,82.0
9,CON,CON,EA,2.0,Y,L,,,21.0,13.0,34.0,13.0,4.0,8.0,9.0,13.0,7.0,6850.0,2181.0,180.07692307692307,75.84615384615384,330.0,169.0,2606.0,322.0,818.0,1140.0,594.0,201.0,96.0,434.0,589.0,2214.0,935.0,682.0,515.0,667.0,221.0,3.0,28.0,15.0,572.0,194.0,32.0,64.0,96.0,40.0,21.0,4.0,36.0,45.0,199.0,71.0,50.0,40.0,55.0,12.0,0.0,0.0,0.6176470588235294,0.7647058823529411,0.4705882352941176,0.65,0.4221347331583552,0.7455048409405256,0.3303437967115097,0.2986279257465698,0.7013720742534302,0.4181260945709282,0.7398119122257053,0.3205645161290322,0.3,0.7,149.0
10,CON,CON,EA,6.0,N,,,,16.0,18.0,34.0,12.0,5.0,4.0,13.0,10.0,12.0,6975.0,2792.0,181.42857142857144,76.28571428571429,338.0,170.0,2651.0,358.0,826.0,1184.0,608.0,250.0,130.0,440.0,677.0,2381.0,966.0,692.0,517.0,639.0,202.0,6.0,0.0,0.0,0.0,0.0,0.0,0.0,0.0,0.0,0.0,0.0,0.0,0.0,0.0,0.0,0.0,0.0,0.0,0.0,0.0,0.0,0.4705882352941176,0.7058823529411765,0.2352941176470588,0.4545454545454545,0.4057118857622847,0.7471098265895953,0.3161189358372457,0.3023648648648648,0.6976351351351351,0.4262075134168157,0.792225201072386,0.3217213114754098,0.2582417582417582,0.7417582417582418,-3.0
1,DET,DET,EA,5.0,N,,,,14.0,18.0,32.0,8.0,8.0,6.0,10.0,10.0,11.0,6425.0,0.0,180.92307692307693,73.3076923076923,327.0,160.0,2331.0,341.0,644.0,985.0,503.0,260.0,88.0,519.0,701.0,1980.0,868.0,699.0,519.0,273.0,76.0,4.0,0.0,0.0,0.0,0.0,0.0,0.0,0.0,0.0,0.0,0.0,0.0,0.0,0.0,0.0,0.0,0.0,0.0,0.0,0.0,0.0,0.4375,0.5,0.375,0.4761904761904761,0.4383838383838384,0.7424892703862661,0.2783882783882784,0.3461928934010152,0.6538071065989848,0.4600915099135739,0.7361963190184049,0.3655913978494624,0.3408856848609681,0.659114315139032,-95.0
2,DET,DET,EA,7.0,N,,,,10.0,22.0,32.0,6.0,10.0,4.0,12.0,7.0,14.0,6550.0,0.0,181.91666666666663,74.16666666666667,317.0,160.0,2103.0,324.0,621.0,945.0,469.0,225.0,82.0,490.0,602.0,1914.0,774.0,542.0,412.0,405.0,143.0,3.0,0.0,0.0,0.0,0.0,0.0,0.0,0.0,0.0,0.0,0.0,0.0,0.0,0.0,0.0,0.0,0.0,0.0,0.0,0.0,0.0,0.3125,0.375,0.25,0.3333333333333333,0.4043887147335423,0.7601476014760148,0.3530864197530864,0.3428571428571428,0.6571428571428571,0.4616222101252041,0.7650085763293311,0.3735294117647059,0.2844036697247706,0.7155963302752294,-166.0
3,DET,DET,EA,8.0,N,,,,9.0,23.0,32.0,7.0,9.0,2.0,14.0,6.0,15.0,6450.0,29.0625,181.8,74.46666666666667,328.0,160.0,2114.0,360.0,719.0,1079.0,478.0,201.0,132.0,530.0,609.0,1919.0,766.0,651.0,472.0,364.0,110.0,1.0,0.0,0.0,0.0,0.0,0.0,0.0,0.0,0.0,0.0,0.0,0.0,0.0,0.0,0.0,0.0,0.0,0.0,0.0,0.0,0.0,0.28125,0.4375,0.125,0.2857142857142857,0.399166232412715,0.7250384024577573,0.3021978021978022,0.3336422613531047,0.6663577386468953,0.4173387096774194,0.7669421487603306,0.3266219239373601,0.3194303153611393,0.6805696846388606,-152.0
4,DET,DET,EA,1.0,Y,W,W,W,25.0,9.0,34.0,13.0,4.0,12.0,5.0,18.0,6.0,6900.0,160.0,183.0,74.53846153846153,344.0,170.0,2553.0,379.0,851.0,1230.0,545.0,263.0,158.0,596.0,605.0,2004.0,902.0,882.0,624.0,323.0,125.0,3.0,73.0,40.0,1600.0,572.0,87.0,195.0,282.0,139.0,53.0,38.0,105.0,141.0,516.0,202.0,160.0,127.0,103.0,41.0,0.0,2.0,0.7352941176470589,0.7647058823529411,0.7058823529411765,0.75,0.4500998003992016,0.7074829931972789,0.3869969040247678,0.308130081300813,0.691869918699187,0.3985126859142607,0.7410071942446043,0.2975970425138632,0.3665413533834586,0.6334586466165414,158.0
5,DET,DET,EA,3.0,Y,L,,,17.0,17.0,34.0,8.0,9.0,9.0,8.0,11.0,9.0,6850.0,526.0,183.2,75.13333333333334,325.0,170.0,2366.0,397.0,773.0,1170.0,564.0,277.0,148.0,506.0,648.0,2097.0,874.0,792.0,556.0,209.0,62.0,6.0,28.0,15.0,600.0,202.0,30.0,66.0,96.0,45.0,27.0,13.0,38.0,44.0,167.0,71.0,78.0,55.0,15.0,5.0,0.0,0.0,0.5,0.4705882352941176,0.5294117647058824,0.55,0.4167858845970434,0.702020202020202,0.2966507177033493,0.3393162393162393,0.6606837606837607,0.4099142040038132,0.7717569786535303,0.3583489681050656,0.3080568720379147,0.6919431279620853,-15.0
6,DET,DET,EA,4.0,Y,L,,,16.0,18.0,34.0,12.0,5.0,4.0,13.0,11.0,9.0,6925.0,826.0,182.06666666666663,75.0,344.0,170.0,2247.0,412.0,803.0,1215.0,474.0,241.0,155.0,564.0,761.0,2060.0,831.0,774.0,509.0,238.0,76.0,11.0,18.0,10.0,400.0,129.0,27.0,42.0,69.0,24.0,13.0,8.0,25.0,49.0,135.0,48.0,36.0,27.0,18.0,6.0,2.0,0.0,0.4705882352941176,0.7058823529411765,0.2352941176470588,0.55,0.4033980582524272,0.6576227390180879,0.3193277310924369,0.3390946502057613,0.6609053497942387,0.4030848329048843,0.7493368700265252,0.337719298245614,0.2681728880157171,0.731827111984283,-40.0
7,DET,DET,EA,2.0,Y,W,W,W,23.0,11.0,34.0,14.0,3.0,9.0,8.0,14.0,6.0,6825.0,1155.0,183.53846153846155,76.61538461538461,341.0,170.0,2527.0,406.0,880.0,1286.0,572.0,213.0,137.0,520.0,711.0,2220.0,919.0,746.0,553.0,414.0,136.0,4.0,97.0,50.0,2000.0,748.0,111.0,249.0,360.0,168.0,65.0,39.0,158.0,217.0,639.0,280.0,218.0,159.0,84.0,29.0,0.0,2.0,0.6764705882352942,0.8235294117647058,0.5294117647058824,0.7,0.4139639639639639,0.7412868632707775,0.3285024154589372,0.3157076205287714,0.6842923794712286,0.3879907621247113,0.7535612535612536,0.3119429590017825,0.2988929889298893,0.7011070110701108,143.0
8,DET,DET,EA,1.0,Y,W,W,L,24.0,10.0,34.0,12.0,5.0,12.0,5.0,14.0,6.0,6850.0,1691.0,182.92857142857144,76.42857142857143,297.0,158.0,2520.0,325.0,820.0,1145.0,556.0,220.0,92.0,511.0,625.0,2130.0,903.0,732.0,556.0,442.0,158.0,8.0,103.0,46.0,2097.0,798.0,130.0,291.0,421.0,174.0,49.0,32.0,149.0,214.0,733.0,298.0,202.0,141.0,168.0,61.0,3.0,2.0,0.7058823529411765,0.7058823529411765,0.7058823529411765,0.7,0.4298982750995135,0.7579617834394905,0.3574660633484163,0.2898550724637681,0.7101449275362319,0.3956675508399646,0.7618384401114207,0.3327868852459016,0.2837465564738292,0.7162534435261708,157.0
9,DET,DET,EA,1.0,Y,W,W,W,22.0,12.0,34.0,14.0,3.0,8.0,9.0,16.0,4.0,6875.0,2321.0,183.8947368421053,76.94736842105263,341.0,170.0,2672.0,405.0,843.0,1248.0,604.0,278.0,118.0,482.0,724.0,2295.0,974.0,744.0,556.0,476.0,168.0,6.0,86.0,45.0,1824.0,660.0,84.0,230.0,314.0,130.0,63.0,33.0,117.0,179.0,576.0,247.0,158.0,127.0,112.0,39.0,1.0,1.0,0.6470588235294118,0.8235294117647058,0.4705882352941176,0.8,0.4244008714596949,0.7473118279569892,0.3529411764705882,0.3245192307692308,0.6754807692307693,0.405392840539284,0.7608108108108108,0.349025974025974,0.2986175115207373,0.7013824884792627,150.0
10,DET,DET,EA,3.0,Y,W,L,,18.0,16.0,34.0,11.0,6.0,7.0,10.0,11.0,11.0,6975.0,261.264705882353,184.0,77.27777777777777,315.0,170.0,2652.0,373.0,853.0,1226.0,575.0,261.0,97.0,531.0,766.0,2277.0,980.0,721.0,539.0,436.0,153.0,9.0,41.0,25.0,1001.0,402.0,57.0,118.0,175.0,83.0,41.0,22.0,93.0,124.0,331.0,149.0,98.0,80.0,65.0,24.0,1.0,0.0,0.5294117647058824,0.6470588235294118,0.4117647058823529,0.5,0.4303908651734738,0.7475728155339806,0.3509174311926605,0.3042414355628058,0.6957585644371941,0.4098137210358927,0.7773677736777368,0.3404255319148936,0.290644868301544,0.709355131698456,8.0
1,HOU,HOU,WE,2.0,Y,W,W,W,27.0,5.0,32.0,14.0,2.0,13.0,3.0,17.0,4.0,6475.0,0.0,182.5,75.66666666666667,309.0,160.0,2475.0,273.0,724.0,997.0,494.0,284.0,104.0,432.0,554.0,1894.0,891.0,634.0,521.0,491.0,172.0,2.0,47.0,30.0,1225.0,436.0,63.0,122.0,185.0,70.0,54.0,13.0,73.0,83.0,365.0,155.0,105.0,92.0,90.0,34.0,0.0,4.0,0.84375,0.875,0.8125,0.8095238095238095,0.4704329461457233,0.8217665615141956,0.35030549898167,0.2738214643931795,0.7261785356068204,0.4055727554179567,0.7283464566929134,0.2966507177033493,0.3215077605321508,0.6784922394678492,409.0
2,HOU,HOU,WE,4.0,Y,L,,,19.0,13.0,32.0,11.0,5.0,8.0,8.0,13.0,8.0,6450.0,168.0,182.0909090909091,75.45454545454545,326.0,160.0,2047.0,348.0,710.0,1058.0,426.0,251.0,95.0,425.0,509.0,1908.0,747.0,539.0,415.0,435.0,138.0,2.0,19.0,10.0,400.0,117.0,17.0,50.0,67.0,23.0,9.0,9.0,26.0,33.0,120.0,45.0,26.0,18.0,36.0,9.0,0.0,1.0,0.59375,0.6875,0.5,0.6190476190476191,0.3915094339622642,0.7699443413729128,0.3172413793103448,0.328922495274102,0.6710775047258979,0.3929899097185342,0.7182539682539683,0.3333333333333333,0.3024439918533605,0.6975560081466395,53.0
3,HOU,HOU,WE,2.0,Y,L,,,24.0,8.0,32.0,14.0,2.0,10.0,6.0,16.0,5.0,6425.0,345.0,180.7142857142857,72.21428571428571,311.0,160.0,2072.0,299.0,702.0,1001.0,450.0,260.0,126.0,442.0,467.0,1778.0,755.0,585.0,453.0,332.0,109.0,1.0,24.0,15.0,650.0,214.0,38.0,65.0,103.0,41.0,27.0,14.0,29.0,57.0,213.0,78.0,53.0,43.0,48.0,15.0,0.0,2.0,0.75,0.875,0.625,0.7619047619047619,0.4246344206974128,0.7743589743589744,0.3283132530120481,0.2987012987012987,0.7012987012987013,0.375,0.7323008849557522,0.3087934560327198,0.3175745118191161,0.6824254881808839,180.0
4,HOU,HOU,WE,2.0,Y,L,,,20.0,14.0,34.0,14.0,3.0,6.0,11.0,14.0,10.0,6825.0,645.0,181.5,73.0,289.0,170.0,2244.0,266.0,764.0,1030.0,465.0,231.0,129.0,435.0,490.0,1916.0,828.0,600.0,473.0,344.0,115.0,2.0,25.0,15.0,600.0,196.0,33.0,68.0,101.0,39.0,22.0,12.0,34.0,50.0,184.0,71.0,54.0,44.0,37.0,10.0,0.0,2.0,0.5882352941176471,0.8235294117647058,0.3529411764705882,0.5833333333333334,0.4321503131524008,0.7883333333333333,0.3343023255813953,0.258252427184466,0.7417475728155339,0.4059113300492611,0.7254464285714286,0.338,0.2962226640159046,0.7037773359840954,102.0
5,HOU,HOU,WE,6.0,N,,,,13.0,21.0,34.0,9.0,8.0,4.0,13.0,7.0,15.0,6850.0,935.0,182.3846153846154,72.6923076923077,307.0,170.0,2177.0,311.0,724.0,1035.0,451.0,242.0,107.0,466.0,555.0,1933.0,798.0,615.0,458.0,358.0,123.0,2.0,0.0,0.0,0.0,0.0,0.0,0.0,0.0,0.0,0.0,0.0,0.0,0.0,0.0,0.0,0.0,0.0,0.0,0.0,0.0,0.0,0.3823529411764705,0.5294117647058824,0.2352941176470588,0.3181818181818182,0.4128297982410761,0.7447154471544716,0.3435754189944134,0.3004830917874396,0.6995169082125604,0.4153386454183267,0.736346516007533,0.3502304147465437,0.3175355450236967,0.6824644549763034,-34.0
6,HOU,HOU,WE,3.0,Y,W,L,,19.0,15.0,34.0,11.0,6.0,8.0,9.0,11.0,11.0,6875.0,1163.0,181.07142857142856,70.57142857142857,321.0,170.0,2309.0,276.0,684.0,960.0,467.0,246.0,105.0,409.0,581.0,1920.0,860.0,690.0,527.0,205.0,62.0,5.0,44.0,25.0,1025.0,343.0,34.0,106.0,140.0,67.0,34.0,11.0,68.0,85.0,271.0,123.0,109.0,86.0,33.0,11.0,0.0,2.0,0.5588235294117647,0.6470588235294118,0.4705882352941176,0.5,0.4479166666666667,0.763768115942029,0.3024390243902439,0.2875,0.7125,0.4362139917695473,0.7495527728085868,0.3498817966903073,0.2851196670135276,0.7148803329864725,46.0
7,HOU,HOU,WE,3.0,Y,L,,,18.0,16.0,34.0,12.0,5.0,6.0,11.0,11.0,9.0,6925.0,1548.0,181.7692307692308,73.3076923076923,294.0,164.0,2428.0,274.0,787.0,1061.0,516.0,241.0,81.0,525.0,585.0,2034.0,894.0,644.0,471.0,472.0,169.0,6.0,18.0,10.0,391.0,140.0,11.0,42.0,53.0,25.0,7.0,9.0,27.0,28.0,106.0,47.0,48.0,40.0,22.0,6.0,0.0,3.0,0.5294117647058824,0.7058823529411765,0.3529411764705882,0.55,0.44232602478551,0.7109144542772862,0.3580508474576271,0.2693333333333333,0.7306666666666667,0.4157706093189964,0.7235772357723578,0.2983870967741935,0.2998220640569395,0.7001779359430605,58.0
8,HOU,HOU,WE,5.0,N,,,,13.0,21.0,34.0,7.0,10.0,6.0,11.0,10.0,12.0,6800.0,624.0,180.8,72.4,330.0,170.0,2488.0,360.0,756.0,1116.0,553.0,284.0,103.0,591.0,639.0,2117.0,906.0,705.0,550.0,364.0,126.0,3.0,0.0,0.0,0.0,0.0,0.0,0.0,0.0,0.0,0.0,0.0,0.0,0.0,0.0,0.0,0.0,0.0,0.0,0.0,0.0,0.0,0.3823529411764705,0.4117647058823529,0.3529411764705882,0.4545454545454545,0.4257794322940902,0.768377253814147,0.3452054794520548,0.3269230769230769,0.6730769230769231,0.421917808219178,0.803894297635605,0.3476764199655766,0.3217309501411101,0.6782690498588899,-118.0
9,HOU,HOU,WE,5.0,N,,,,17.0,17.0,34.0,13.0,4.0,4.0,13.0,10.0,10.0,6925.0,966.0,180.64285714285717,76.07142857142857,310.0,170.0,2439.0,340.0,762.0,1102.0,538.0,282.0,111.0,534.0,696.0,2120.0,876.0,685.0,535.0,480.0,152.0,7.0,0.0,0.0,0.0,0.0,0.0,0.0,0.0,0.0,0.0,0.0,0.0,0.0,0.0,0.0,0.0,0.0,0.0,0.0,0.0,0.0,0.5,0.7647058823529411,0.2352941176470588,0.5,0.4170808856755535,0.7649456521739131,0.316008316008316,0.3189143341815098,0.6810856658184903,0.4130832570905764,0.7451984635083226,0.3758620689655172,0.3195970695970695,0.6804029304029304,-45.0
1,IND,IND,EA,7.0,N,,,,9.0,23.0,32.0,5.0,11.0,4.0,12.0,7.0,14.0,6425.0,0.0,183.26666666666668,75.66666666666667,307.0,160.0,2213.0,285.0,647.0,932.0,501.0,271.0,126.0,493.0,642.0,1838.0,796.0,569.0,428.0,521.0,193.0,9.0,0.0,0.0,0.0,0.0,0.0,0.0,0.0,0.0,0.0,0.0,0.0,0.0,0.0,0.0,0.0,0.0,0.0,0.0,0.0,0.0,0.28125,0.3125,0.25,0.3333333333333333,0.4330794341675734,0.7521968365553603,0.3704414587332054,0.305793991416309,0.694206008583691,0.4491434689507494,0.7518684603886397,0.3044692737430167,0.3364779874213836,0.6635220125786163,-77.0
2,IND,IND,EA,6.0,N,,,,10.0,22.0,32.0,7.0,9.0,3.0,13.0,7.0,14.0,6475.0,0.0,182.15384615384616,75.15384615384616,320.0,160.0,2153.0,286.0,649.0,935.0,458.0,242.0,118.0,478.0,600.0,1822.0,762.0,591.0,472.0,446.0,157.0,5.0,0.0,0.0,0.0,0.0,0.0,0.0,0.0,0.0,0.0,0.0,0.0,0.0,0.0,0.0,0.0,0.0,0.0,0.0,0.0,0.0,0.3125,0.4375,0.1875,0.3333333333333333,0.4182217343578485,0.7986463620981388,0.3520179372197309,0.3058823529411765,0.6941176470588235,0.4491837809373354,0.7066895368782161,0.3569482288828338,0.3167701863354037,0.6832298136645962,-96.0
3,IND,IND,EA,4.0,Y,L,,,16.0,16.0,32.0,10.0,6.0,6.0,10.0,12.0,9.0,6425.0,93.0,180.23076923076923,74.76923076923077,314.0,160.0,2097.0,315.0,633.0,948.0,447.0,268.0,100.0,427.0,559.0,1825.0,731.0,580.0,455.0,543.0,180.0,6.0,29.0,15.0,600.0,198.0,34.0,58.0,92.0,46.0,11.0,4.0,44.0,52.0,170.0,75.0,40.0,29.0,54.0,19.0,1.0,1.0,0.5,0.625,0.375,0.5714285714285714,0.4005479452054794,0.7844827586206896,0.3314917127071823,0.3322784810126582,0.6677215189873418,0.4424876169510182,0.7137176938369781,0.3491379310344827,0.3090128755364807,0.6909871244635193,-32.0
4,IND,IND,EA,5.0,N,,,,16.0,18.0,34.0,11.0,6.0,5.0,12.0,12.0,12.0,6875.0,293.0,180.69230769230768,74.07692307692308,336.0,170.0,2337.0,334.0,654.0,988.0,539.0,299.0,121.0,451.0,668.0,2011.0,839.0,563.0,449.0,600.0,210.0,5.0,0.0,0.0,0.0,0.0,0.0,0.0,0.0,0.0,0.0,0.0,0.0,0.0,0.0,0.0,0.0,0.0,0.0,0.0,0.0,0.0,0.4705882352941176,0.6470588235294118,0.2941176470588235,0.5,0.4172053704624565,0.7975133214920072,0.35,0.3380566801619433,0.6619433198380567,0.4386792452830189,0.768025078369906,0.3729216152019002,0.3133874239350913,0.6866125760649088,16.0
5,IND,IND,EA,6.0,N,,,,15.0,19.0,34.0,10.0,7.0,5.0,12.0,8.0,12.0,6850.0,0.0,183.83333333333331,76.41666666666667,316.0,170.0,2198.0,396.0,705.0,1101.0,555.0,261.0,134.0,466.0,639.0,2011.0,791.0,580.0,450.0,481.0,166.0,12.0,0.0,0.0,0.0,0.0,0.0,0.0,0.0,0.0,0.0,0.0,0.0,0.0,0.0,0.0,0.0,0.0,0.0,0.0,0.0,1.0,0.4411764705882353,0.5882352941176471,0.2941176470588235,0.4,0.3933366484336151,0.7758620689655172,0.3451143451143451,0.3596730245231607,0.6403269754768393,0.4310991957104557,0.7424460431654676,0.34375,0.2899896800825593,0.7100103199174407,-47.0
6,IND,IND,EA,2.0,Y,W,L,,21.0,13.0,34.0,14.0,3.0,7.0,10.0,14.0,6.0,6925.0,264.0,181.41666666666663,75.66666666666667,331.0,170.0,2170.0,341.0,671.0,1012.0,493.0,336.0,95.0,458.0,668.0,1958.0,784.0,595.0,452.0,468.0,150.0,6.0,32.0,20.0,825.0,256.0,50.0,75.0,125.0,46.0,34.0,11.0,34.0,87.0,236.0,83.0,86.0,69.0,46.0,21.0,2.0,1.0,0.6176470588235294,0.8235294117647058,0.4117647058823529,0.7,0.4004085801838611,0.7596638655462185,0.3205128205128205,0.3369565217391304,0.6630434782608695,0.4310344827586206,0.7165109034267912,0.335149863760218,0.2818181818181818,0.7181818181818181,37.0
7,IND,IND,EA,3.0,Y,L,,,21.0,13.0,34.0,12.0,5.0,9.0,8.0,12.0,8.0,6850.0,691.0,181.41666666666663,76.41666666666667,327.0,170.0,2435.0,339.0,755.0,1094.0,501.0,354.0,93.0,497.0,606.0,2144.0,873.0,676.0,518.0,551.0,171.0,3.0,17.0,10.0,400.0,139.0,25.0,44.0,69.0,20.0,10.0,7.0,28.0,54.0,133.0,53.0,35.0,23.0,31.0,10.0,2.0,2.0,0.6176470588235294,0.7058823529411765,0.5294117647058824,0.6,0.4071828358208955,0.7662721893491125,0.3103448275862069,0.309872029250457,0.6901279707495429,0.4322075379344102,0.738819320214669,0.3085585585585585,0.2714420358152686,0.7285579641847314,119.0
8,IND,IND,EA,2.0,Y,W,L,,21.0,13.0,34.0,12.0,5.0,9.0,8.0,12.0,8.0,6875.0,1179.0,183.83333333333331,78.91666666666667,330.0,170.0,2480.0,341.0,812.0,1153.0,511.0,308.0,136.0,555.0,646.0,2167.0,907.0,617.0,478.0,546.0,188.0,5.0,58.0,30.0,1302.0,462.0,56.0,168.0,224.0,94.0,49.0,21.0,72.0,112.0,421.0,161.0,125.0,97.0,120.0,43.0,1.0,0.0,0.6176470588235294,0.7058823529411765,0.5294117647058824,0.6,0.4185509921550531,0.7747163695299838,0.3443223443223443,0.2957502168256721,0.7042497831743278,0.4019160583941605,0.7401315789473685,0.3271221532091097,0.3170103092783505,0.6829896907216495,110.0
9,IND,IND,EA,4.0,Y,L,,,17.0,17.0,34.0,11.0,6.0,6.0,11.0,12.0,8.0,6950.0,851.0,182.46666666666667,77.93333333333334,347.0,170.0,2473.0,349.0,778.0,1127.0,500.0,324.0,165.0,546.0,727.0,2179.0,876.0,656.0,495.0,662.0,226.0,6.0,29.0,15.0,626.0,222.0,22.0,70.0,92.0,45.0,21.0,11.0,49.0,66.0,187.0,71.0,68.0,61.0,65.0,19.0,0.0,1.0,0.5,0.6470588235294118,0.3529411764705882,0.6,0.4020192748967416,0.7545731707317073,0.3413897280966767,0.3096716947648624,0.6903283052351376,0.4188998589562764,0.7648725212464589,0.3253012048192771,0.2886421861656704,0.7113578138343296,16.0
10,IND,IND,EA,1.0,Y,W,W,L,22.0,12.0,34.0,14.0,3.0,8.0,9.0,17.0,5.0,6925.0,1351.0,182.07142857142856,78.28571428571429,336.0,170.0,2606.0,342.0,780.0,1122.0,527.0,373.0,117.0,494.0,692.0,2212.0,890.0,746.0,613.0,637.0,213.0,6.0,98.0,50.0,2049.0,834.0,89.0,241.0,330.0,168.0,91.0,50.0,138.0,208.0,672.0,292.0,244.0,195.0,176.0,55.0,2.0,1.0,0.6470588235294118,0.8235294117647058,0.4705882352941176,0.7727272727272727,0.4023508137432188,0.82171581769437,0.3343799058084772,0.3048128342245989,0.6951871657754011,0.4291784702549575,0.7644508670520231,0.3188405797101449,0.2724935732647814,0.7275064267352185,105.0
1,LAS,LAS,WE,1.0,Y,W,L,,28.0,4.0,32.0,15.0,1.0,13.0,3.0,17.0,4.0,6450.0,0.0,184.0909090909091,74.45454545454545,309.0,160.0,2417.0,308.0,783.0,1091.0,586.0,271.0,156.0,459.0,705.0,1956.0,861.0,693.0,545.0,452.0,150.0,13.0,39.0,20.0,800.0,312.0,49.0,93.0,142.0,73.0,23.0,13.0,60.0,84.0,250.0,112.0,72.0,58.0,74.0,30.0,1.0,0.0,0.875,0.9375,0.8125,0.8095238095238095,0.4401840490797546,0.7864357864357865,0.331858407079646,0.2823098075160403,0.7176901924839597,0.3953132959755476,0.7153179190751445,0.2953995157384987,0.3067484662576687,0.6932515337423313,248.0
2,LAS,LAS,WE,1.0,Y,W,W,W,28.0,4.0,32.0,16.0,0.0,12.0,4.0,19.0,2.0,6475.0,175.0,179.63636363636363,73.45454545454545,292.0,160.0,2441.0,350.0,755.0,1105.0,596.0,281.0,138.0,433.0,616.0,2031.0,916.0,594.0,449.0,436.0,160.0,9.0,65.0,35.0,1400.0,518.0,71.0,178.0,249.0,140.0,47.0,57.0,85.0,119.0,439.0,195.0,130.0,95.0,110.0,33.0,0.0,3.0,0.875,1.0,0.75,0.9047619047619048,0.4510093549975381,0.7558922558922558,0.3669724770642202,0.3167420814479638,0.6832579185520362,0.3924433249370277,0.7605118829981719,0.3184079601990049,0.3192182410423452,0.6807817589576547,275.0
3,LAS,LAS,WE,1.0,Y,W,W,W,25.0,7.0,32.0,12.0,4.0,13.0,3.0,17.0,4.0,6475.0,436.0,184.30769230769232,76.61538461538461,293.0,160.0,2452.0,329.0,814.0,1143.0,583.0,257.0,161.0,507.0,664.0,2002.0,891.0,645.0,476.0,515.0,194.0,18.0,52.0,30.0,1200.0,465.0,53.0,148.0,201.0,119.0,62.0,29.0,76.0,128.0,372.0,170.0,119.0,91.0,88.0,34.0,2.0,2.0,0.78125,0.75,0.8125,0.8095238095238095,0.445054945054945,0.737984496124031,0.3766990291262136,0.2878390201224847,0.7121609798775154,0.3901960784313725,0.7395993836671803,0.3128598848368522,0.3274244004171011,0.6725755995828988,217.0
4,LAS,LAS,WE,1.0,Y,W,W,L,24.0,10.0,34.0,11.0,6.0,13.0,4.0,17.0,7.0,6900.0,748.0,183.13333333333333,77.66666666666667,317.0,170.0,2499.0,336.0,813.0,1149.0,587.0,242.0,161.0,461.0,682.0,2140.0,894.0,678.0,537.0,528.0,174.0,12.0,78.0,45.0,1800.0,654.0,80.0,197.0,277.0,177.0,76.0,48.0,112.0,182.0,564.0,246.0,154.0,122.0,123.0,40.0,2.0,1.0,0.7058823529411765,0.6470588235294118,0.7647058823529411,0.7083333333333334,0.4177570093457944,0.7920353982300885,0.3295454545454545,0.2924281984334204,0.7075718015665796,0.4033535165346996,0.717948717948718,0.362962962962963,0.285972850678733,0.714027149321267,67.0
5,LAS,LAS,WE,1.0,Y,L,,,25.0,9.0,34.0,15.0,2.0,10.0,7.0,16.0,6.0,6975.0,457.5,182.69230769230768,77.53846153846153,321.0,170.0,2495.0,312.0,809.0,1121.0,626.0,262.0,148.0,522.0,731.0,2069.0,904.0,722.0,530.0,414.0,157.0,6.0,25.0,15.0,600.0,181.0,25.0,68.0,93.0,46.0,16.0,10.0,52.0,66.0,170.0,67.0,38.0,34.0,40.0,13.0,1.0,2.0,0.7352941176470589,0.8823529411764706,0.5882352941176471,0.7272727272727273,0.4369260512324794,0.7340720221606648,0.3792270531400966,0.2783229259589652,0.7216770740410348,0.3890214797136038,0.7319316688567674,0.3405088062622309,0.3180112570356472,0.6819887429643527,134.0
6,LAS,LAS,WE,4.0,Y,L,,,17.0,17.0,34.0,11.0,6.0,6.0,11.0,12.0,10.0,6800.0,0.0,183.2142857142857,75.78571428571429,321.0,170.0,2326.0,321.0,683.0,1004.0,551.0,264.0,136.0,483.0,737.0,2042.0,873.0,630.0,456.0,387.0,124.0,6.0,21.0,10.0,400.0,135.0,14.0,25.0,39.0,35.0,17.0,5.0,31.0,46.0,110.0,48.0,42.0,28.0,30.0,11.0,0.0,0.0,0.5,0.6470588235294118,0.3529411764705882,0.5454545454545454,0.4275220372184133,0.7238095238095238,0.3204134366925064,0.3197211155378486,0.6802788844621513,0.4184143222506394,0.7433004231311706,0.350674373795761,0.318924111431316,0.681075888568684,-19.0
7,LAS,LAS,WE,1.0,Y,W,L,,25.0,9.0,34.0,15.0,2.0,10.0,7.0,15.0,5.0,6825.0,462.0,184.0,76.92857142857143,347.0,170.0,2575.0,350.0,852.0,1202.0,610.0,296.0,129.0,502.0,679.0,2195.0,962.0,726.0,540.0,377.0,111.0,7.0,49.0,25.0,1001.0,337.0,54.0,108.0,162.0,84.0,33.0,20.0,58.0,109.0,325.0,124.0,83.0,62.0,68.0,27.0,1.0,3.0,0.7352941176470589,0.8823529411764706,0.5882352941176471,0.75,0.4382687927107061,0.743801652892562,0.2944297082228116,0.2911813643926789,0.7088186356073212,0.3997252747252747,0.7406380027739251,0.343859649122807,0.310536044362292,0.6894639556377079,99.0
8,LAS,LAS,WE,7.0,N,,,,10.0,24.0,34.0,5.0,12.0,5.0,12.0,6.0,16.0,6900.0,2302.0,183.8,74.0,344.0,170.0,2533.0,356.0,783.0,1139.0,554.0,245.0,107.0,551.0,732.0,2305.0,940.0,627.0,493.0,456.0,160.0,6.0,0.0,0.0,0.0,0.0,0.0,0.0,0.0,0.0,0.0,0.0,0.0,0.0,0.0,0.0,0.0,0.0,0.0,0.0,0.0,0.0,0.2941176470588235,0.2941176470588235,0.2941176470588235,0.2727272727272727,0.4078091106290672,0.7862838915470495,0.3508771929824561,0.3125548726953468,0.6874451273046532,0.4312839059674502,0.76125,0.3556797020484171,0.2909245122985581,0.7090754877014419,-175.0
9,LAS,LAS,WE,3.0,Y,W,L,,20.0,14.0,34.0,12.0,5.0,8.0,9.0,12.0,8.0,7000.0,2563.0,181.9333333333333,75.13333333333334,357.0,170.0,2598.0,386.0,896.0,1282.0,613.0,251.0,216.0,575.0,713.0,2248.0,954.0,717.0,539.0,485.0,151.0,4.0,62.0,30.0,1200.0,421.0,63.0,141.0,204.0,106.0,39.0,40.0,93.0,129.0,384.0,160.0,102.0,74.0,83.0,27.0,2.0,3.0,0.5882352941176471,0.7058823529411765,0.4705882352941176,0.6,0.4243772241992882,0.7517433751743375,0.311340206185567,0.3010920436817472,0.6989079563182528,0.3844155844155844,0.748335552596538,0.3382084095063985,0.318544809228039,0.6814551907719609,75.0
10,LAS,LAS,WE,3.0,Y,W,L,,18.0,16.0,34.0,11.0,6.0,7.0,10.0,11.0,9.0,6925.0,3143.0,180.72727272727272,76.72727272727273,325.0,170.0,2533.0,365.0,883.0,1248.0,587.0,217.0,166.0,514.0,583.0,2264.0,973.0,550.0,435.0,512.0,152.0,4.0,49.0,30.0,1202.0,474.0,80.0,158.0,238.0,98.0,43.0,28.0,86.0,106.0,402.0,165.0,148.0,113.0,85.0,31.0,2.0,0.0,0.5294117647058824,0.6470588235294118,0.4117647058823529,0.55,0.4297703180212014,0.7909090909090909,0.296875,0.2924679487179487,0.7075320512820513,0.3992042440318302,0.7688603531300161,0.3349056603773584,0.3047619047619048,0.6952380952380952,35.0
1,MIA,MIA,EA,6.0,N,,,,13.0,19.0,32.0,9.0,7.0,4.0,12.0,9.0,12.0,6475.0,0.0,181.15384615384616,73.0,328.0,160.0,1831.0,365.0,595.0,960.0,415.0,272.0,88.0,503.0,707.0,1774.0,647.0,664.0,452.0,310.0,85.0,5.0,0.0,0.0,0.0,0.0,0.0,0.0,0.0,0.0,0.0,0.0,0.0,0.0,0.0,0.0,0.0,0.0,0.0,0.0,0.0,0.0,0.40625,0.5625,0.25,0.4285714285714285,0.3647125140924464,0.6807228915662651,0.2741935483870967,0.3802083333333333,0.6197916666666666,0.4266109785202864,0.7240829346092504,0.3714285714285714,0.2979414951245937,0.7020585048754063,-170.0
2,MIA,MIA,EA,3.0,Y,L,,,20.0,12.0,32.0,10.0,6.0,10.0,6.0,14.0,7.0,6575.0,80.0,182.16666666666663,72.16666666666667,309.0,160.0,1957.0,292.0,651.0,943.0,467.0,300.0,153.0,425.0,602.0,1826.0,754.0,469.0,356.0,295.0,93.0,5.0,30.0,15.0,600.0,160.0,30.0,55.0,85.0,35.0,18.0,7.0,37.0,50.0,154.0,57.0,57.0,35.0,34.0,11.0,1.0,1.0,0.625,0.625,0.625,0.6666666666666666,0.4129244249726177,0.7590618336886994,0.3152542372881356,0.3096500530222693,0.6903499469777307,0.3936231884057971,0.7142857142857143,0.3037974683544304,0.3109504132231405,0.6890495867768595,59.0
3,MIA,MIA,EA,6.0,N,,,,15.0,17.0,32.0,9.0,7.0,6.0,10.0,11.0,10.0,6475.0,266.0,182.9333333333333,73.73333333333333,310.0,160.0,2046.0,296.0,573.0,869.0,476.0,274.0,96.0,416.0,643.0,1856.0,774.0,529.0,369.0,389.0,129.0,4.0,0.0,0.0,0.0,0.0,0.0,0.0,0.0,0.0,0.0,0.0,0.0,0.0,0.0,0.0,0.0,0.0,0.0,0.0,0.0,0.0,0.46875,0.5625,0.375,0.5238095238095238,0.4170258620689655,0.6975425330812854,0.3316195372750642,0.3406214039125431,0.6593785960874569,0.4326364692218351,0.7638436482084691,0.337696335078534,0.286302780638517,0.713697219361483,-42.0
1,MIN,MIN,WE,6.0,N,,,,15.0,17.0,32.0,8.0,8.0,7.0,9.0,5.0,16.0,6425.0,0.0,179.15384615384616,75.53846153846153,297.0,160.0,2193.0,258.0,612.0,870.0,495.0,237.0,63.0,485.0,690.0,1831.0,770.0,592.0,449.0,571.0,204.0,11.0,0.0,0.0,0.0,0.0,0.0,0.0,0.0,0.0,0.0,0.0,0.0,0.0,0.0,0.0,0.0,0.0,0.0,0.0,0.0,1.0,0.46875,0.5,0.4375,0.238095238095238,0.4205352266521027,0.7584459459459459,0.3572679509632224,0.296551724137931,0.7034482758620689,0.4294653014789533,0.7321937321937322,0.340956340956341,0.3070624360286592,0.6929375639713409,5.0
2,MIN,MIN,WE,6.0,N,,,,12.0,20.0,32.0,6.0,10.0,6.0,10.0,9.0,12.0,6475.0,92.0,182.91666666666663,78.16666666666667,278.0,141.0,1894.0,266.0,617.0,883.0,375.0,183.0,98.0,437.0,594.0,1626.0,607.0,651.0,512.0,523.0,168.0,7.0,0.0,0.0,0.0,0.0,0.0,0.0,0.0,0.0,0.0,0.0,0.0,0.0,0.0,0.0,0.0,0.0,0.0,0.0,0.0,0.0,0.375,0.375,0.375,0.4285714285714285,0.3707182320441989,0.7689133425034388,0.3188405797101449,0.3076923076923077,0.6923076923076923,0.3902439024390244,0.7996794871794872,0.3241525423728814,0.3228346456692913,0.6771653543307087,-79.0
3,MIN,MIN,WE,8.0,N,,,,10.0,22.0,32.0,7.0,9.0,3.0,13.0,6.0,15.0,6475.0,120.53125,182.25,78.16666666666667,274.0,129.0,1689.0,213.0,517.0,730.0,415.0,182.0,89.0,427.0,560.0,1554.0,603.0,470.0,320.0,489.0,163.0,7.0,0.0,0.0,0.0,0.0,0.0,0.0,0.0,0.0,0.0,0.0,0.0,0.0,0.0,0.0,0.0,0.0,0.0,0.0,0.0,0.0,0.3125,0.4375,0.1875,0.2857142857142857,0.4095774647887324,0.6626297577854672,0.332,0.3222106360792492,0.6777893639207507,0.4133923630326508,0.765089722675367,0.3624678663239074,0.3304157549234136,0.6695842450765864,-101.0
4,MIN,MIN,WE,4.0,Y,L,,,18.0,16.0,34.0,11.0,6.0,7.0,10.0,14.0,10.0,6850.0,0.0,183.63636363636363,76.18181818181819,287.0,136.0,2077.0,269.0,601.0,870.0,536.0,208.0,91.0,480.0,556.0,1785.0,746.0,531.0,405.0,522.0,180.0,6.0,21.0,12.0,484.0,157.0,13.0,48.0,61.0,50.0,22.0,7.0,42.0,51.0,147.0,52.0,48.0,39.0,44.0,14.0,0.0,0.0,0.5294117647058824,0.6470588235294118,0.4117647058823529,0.5833333333333334,0.442366026289181,0.7211538461538461,0.3435114503816794,0.3345690454124189,0.6654309545875811,0.424770198355104,0.7472353870458136,0.3161434977578475,0.3407482305358948,0.6592517694641051,10.0
5,MIN,MIN,WE,3.0,Y,L,,,18.0,16.0,34.0,11.0,6.0,7.0,10.0,12.0,10.0,6850.0,260.0,185.0,78.91666666666667,315.0,137.0,1911.0,250.0,601.0,851.0,488.0,218.0,134.0,529.0,595.0,1711.0,665.0,553.0,405.0,538.0,176.0,3.0,17.0,8.0,328.0,88.0,11.0,26.0,37.0,21.0,10.0,8.0,38.0,29.0,84.0,32.0,26.0,15.0,25.0,9.0,0.0,0.0,0.5294117647058824,0.6470588235294118,0.4117647058823529,0.5454545454545454,0.4036842105263158,0.709375,0.3265682656826568,0.3143939393939394,0.6856060606060606,0.4077079107505071,0.7324364723467862,0.2787878787878788,0.3117760617760617,0.6882239382239382,-25.0
6,MIN,MIN,WE,6.0,N,,,,14.0,20.0,34.0,11.0,6.0,3.0,14.0,9.0,13.0,6850.0,573.0,180.7333333333333,75.0,309.0,161.0,2014.0,234.0,620.0,854.0,492.0,228.0,125.0,485.0,572.0,1790.0,715.0,555.0,412.0,489.0,172.0,3.0,0.0,0.0,0.0,0.0,0.0,0.0,0.0,0.0,0.0,0.0,0.0,0.0,0.0,0.0,0.0,0.0,0.0,0.0,0.0,0.0,0.4117647058823529,0.6470588235294118,0.1764705882352941,0.4090909090909091,0.4116135662898252,0.7271214642262895,0.3495934959349593,0.3024390243902439,0.697560975609756,0.4269440316988608,0.7347972972972973,0.3430851063829787,0.3260663507109004,0.6739336492890995,-77.0
7,MIN,MIN,WE,7.0,N,,,,10.0,24.0,34.0,8.0,9.0,2.0,15.0,6.0,14.0,6825.0,581.7647058823529,182.3636363636364,76.63636363636364,312.0,140.0,2376.0,267.0,703.0,970.0,470.0,177.0,112.0,465.0,610.0,2064.0,880.0,645.0,469.0,410.0,147.0,3.0,0.0,0.0,0.0,0.0,0.0,0.0,0.0,0.0,0.0,0.0,0.0,0.0,0.0,0.0,0.0,0.0,0.0,0.0,0.0,1.0,0.2941176470588235,0.4705882352941176,0.1176470588235294,0.3,0.4274084124830393,0.7121879588839941,0.3532219570405728,0.2972027972027972,0.7027972027972028,0.4338807260155575,0.7621696801112656,0.3302583025830258,0.3089700996677741,0.6910299003322259,-212.0
8,MIN,MIN,WE,6.0,N,,,,10.0,24.0,34.0,7.0,10.0,3.0,14.0,8.0,14.0,6875.0,0.0,180.75,73.25,308.0,167.0,2520.0,342.0,729.0,1071.0,574.0,228.0,91.0,477.0,626.0,2257.0,928.0,634.0,503.0,492.0,161.0,5.0,0.0,0.0,0.0,0.0,0.0,0.0,0.0,0.0,0.0,0.0,0.0,0.0,0.0,0.0,0.0,0.0,0.0,0.0,0.0,0.0,0.2941176470588235,0.4117647058823529,0.1764705882352941,0.3636363636363636,0.4123142250530786,0.787833827893175,0.3286290322580645,0.3358714043993231,0.6641285956006768,0.4501138952164009,0.7821656050955414,0.351409978308026,0.2844364937388193,0.7155635062611807,-116.0
9,MIN,MIN,WE,7.0,N,,,,16.0,18.0,34.0,9.0,8.0,7.0,10.0,8.0,12.0,6900.0,261.0,181.8,76.66666666666667,351.0,170.0,2767.0,353.0,792.0,1145.0,557.0,309.0,131.0,457.0,751.0,2303.0,991.0,864.0,652.0,413.0,133.0,12.0,0.0,0.0,0.0,0.0,0.0,0.0,0.0,0.0,0.0,0.0,0.0,0.0,0.0,0.0,0.0,0.0,0.0,0.0,0.0,1.0,0.4705882352941176,0.5294117647058824,0.4117647058823529,0.4,0.430308293530178,0.7546296296296297,0.3220338983050847,0.308296943231441,0.6917030567685589,0.4387387387387387,0.7564894932014833,0.331275720164609,0.2887788778877888,0.7112211221122112,46.0
10,MIN,MIN,WE,5.0,N,,,,14.0,20.0,34.0,9.0,8.0,5.0,12.0,7.0,13.0,6875.0,0.0,184.30769230769232,78.61538461538461,336.0,170.0,2731.0,325.0,762.0,1087.0,509.0,301.0,128.0,487.0,693.0,2257.0,949.0,766.0,591.0,695.0,242.0,4.0,0.0,0.0,0.0,0.0,0.0,0.0,0.0,0.0,0.0,0.0,0.0,0.0,0.0,0.0,0.0,0.0,0.0,0.0,0.0,0.0,0.4117647058823529,0.5294117647058824,0.2941176470588235,0.35,0.4204696499778467,0.7715404699738904,0.3482014388489208,0.2989880404783808,0.7010119595216191,0.4606194690265486,0.7735583684950773,0.3823529411764705,0.2721030042918455,0.7278969957081545,-96.0
1,NYL,NYL,EA,1.0,Y,W,W,L,20.0,12.0,32.0,12.0,4.0,8.0,8.0,14.0,7.0,6425.0,0.0,183.0,81.0,284.0,160.0,2148.0,288.0,652.0,940.0,477.0,246.0,102.0,458.0,617.0,1815.0,792.0,567.0,429.0,396.0,135.0,7.0,60.0,35.0,1425.0,450.0,62.0,134.0,196.0,113.0,68.0,25.0,98.0,130.0,390.0,171.0,100.0,81.0,76.0,27.0,2.0,1.0,0.625,0.75,0.5,0.6666666666666666,0.4363636363636363,0.7566137566137566,0.3409090909090909,0.3063829787234042,0.6936170212765957,0.4066959385290889,0.7406779661016949,0.2761904761904762,0.3309203722854188,0.6690796277145812,113.0
2,NYL,NYL,EA,2.0,Y,W,L,,21.0,11.0,32.0,13.0,3.0,8.0,8.0,13.0,8.0,6400.0,124.0,181.33333333333331,76.2,295.0,160.0,2162.0,255.0,660.0,915.0,553.0,265.0,82.0,422.0,616.0,1828.0,833.0,500.0,336.0,421.0,160.0,6.0,52.0,30.0,1200.0,342.0,56.0,116.0,172.0,88.0,44.0,21.0,73.0,96.0,323.0,134.0,75.0,50.0,74.0,24.0,1.0,0.0,0.65625,0.8125,0.5,0.6190476190476191,0.4556892778993435,0.672,0.3800475059382422,0.2786885245901639,0.7213114754098361,0.4229675952245594,0.7203125,0.3375634517766497,0.3092573753814852,0.6907426246185148,80.0
3,NYL,NYL,EA,1.0,Y,W,W,L,18.0,14.0,32.0,10.0,6.0,8.0,8.0,11.0,10.0,6450.0,319.0,182.63636363636363,77.45454545454545,283.0,160.0,2089.0,260.0,610.0,870.0,496.0,261.0,100.0,437.0,638.0,1740.0,772.0,567.0,400.0,400.0,145.0,5.0,67.0,40.0,1600.0,577.0,60.0,154.0,214.0,132.0,45.0,14.0,83.0,130.0,443.0,214.0,143.0,107.0,108.0,42.0,0.0,0.0,0.5625,0.625,0.5,0.5238095238095238,0.4436781609195402,0.7054673721340388,0.3625,0.2988505747126437,0.7011494252873564,0.3987305251009809,0.7503875968992249,0.3433179723502304,0.3246618106139438,0.6753381893860562,74.0
4,NYL,NYL,EA,6.0,N,,,,16.0,18.0,34.0,11.0,6.0,5.0,12.0,11.0,13.0,6850.0,543.0,181.41666666666663,76.66666666666667,313.0,170.0,2243.0,271.0,686.0,957.0,527.0,262.0,128.0,456.0,587.0,1923.0,825.0,537.0,412.0,500.0,181.0,5.0,0.0,0.0,0.0,0.0,0.0,0.0,0.0,0.0,0.0,0.0,0.0,0.0,0.0,0.0,0.0,0.0,0.0,0.0,0.0,0.0,0.4705882352941176,0.6470588235294118,0.2941176470588235,0.4583333333333333,0.4290171606864275,0.7672253258845437,0.362,0.2831765935214211,0.7168234064785789,0.4190913731495661,0.7900172117039587,0.3319057815845824,0.3069679849340866,0.6930320150659134,-13.0
5,NYL,NYL,EA,2.0,Y,W,L,,18.0,16.0,34.0,11.0,6.0,7.0,10.0,10.0,10.0,6900.0,366.11764705882354,182.58333333333331,76.16666666666667,309.0,170.0,2252.0,263.0,741.0,1004.0,539.0,209.0,124.0,488.0,587.0,1932.0,819.0,531.0,398.0,617.0,216.0,3.0,47.0,25.0,1000.0,315.0,45.0,84.0,129.0,74.0,39.0,20.0,62.0,98.0,291.0,120.0,50.0,37.0,106.0,38.0,1.0,0.0,0.5294117647058824,0.6470588235294118,0.4117647058823529,0.5,0.4239130434782608,0.7495291902071564,0.3500810372771475,0.2619521912350597,0.7380478087649402,0.4136450381679389,0.7443868739205527,0.3173076923076923,0.3369663941871026,0.6630336058128974,-45.0
6,NYL,NYL,EA,3.0,Y,L,,,18.0,16.0,34.0,10.0,7.0,8.0,9.0,9.0,11.0,6925.0,366.0,182.26666666666668,75.4,317.0,170.0,2316.0,242.0,732.0,974.0,498.0,214.0,112.0,444.0,613.0,1860.0,828.0,552.0,452.0,605.0,208.0,4.0,17.0,10.0,400.0,101.0,6.0,39.0,45.0,19.0,5.0,4.0,22.0,45.0,94.0,35.0,29.0,24.0,25.0,7.0,1.0,0.0,0.5294117647058824,0.5882352941176471,0.4705882352941176,0.45,0.4451612903225806,0.8188405797101449,0.343801652892562,0.2484599589322381,0.7515400410677618,0.4269383697813121,0.7269736842105263,0.314070351758794,0.3349514563106796,0.6650485436893204,31.0
7,NYL,NYL,EA,5.0,N,,,,11.0,23.0,34.0,7.0,10.0,4.0,13.0,7.0,13.0,6875.0,730.0,182.8571428571429,72.28571428571429,334.0,170.0,2372.0,285.0,736.0,1021.0,475.0,252.0,112.0,518.0,674.0,2069.0,822.0,650.0,512.0,645.0,216.0,5.0,0.0,0.0,0.0,0.0,0.0,0.0,0.0,0.0,0.0,0.0,0.0,0.0,0.0,0.0,0.0,0.0,0.0,0.0,0.0,0.0,0.3235294117647059,0.4117647058823529,0.2352941176470588,0.35,0.3972933784436926,0.7876923076923077,0.3348837209302325,0.2791380999020568,0.7208619000979432,0.4486762656758012,0.7659279778393352,0.3709327548806941,0.2907075873827792,0.7092924126172208,-284.0
8,NYL,NYL,EA,4.0,Y,L,,,16.0,18.0,34.0,10.0,7.0,6.0,11.0,10.0,10.0,6850.0,986.0,183.28571428571428,78.0,325.0,170.0,2413.0,287.0,788.0,1075.0,500.0,289.0,109.0,582.0,618.0,2087.0,870.0,580.0,430.0,653.0,243.0,2.0,29.0,15.0,625.0,216.0,19.0,85.0,104.0,47.0,23.0,8.0,38.0,54.0,196.0,81.0,47.0,34.0,55.0,20.0,0.0,1.0,0.4705882352941176,0.5882352941176471,0.3529411764705882,0.5,0.4168663152850982,0.7413793103448276,0.3721286370597244,0.2669767441860465,0.7330232558139534,0.413855150697256,0.7609046849757674,0.3225806451612903,0.3111111111111111,0.6888888888888889,-88.0
9,NYL,NYL,EA,3.0,Y,W,L,,19.0,15.0,34.0,11.0,6.0,8.0,9.0,11.0,9.0,6900.0,1409.0,182.0,78.0,365.0,170.0,2573.0,327.0,778.0,1105.0,551.0,290.0,117.0,519.0,655.0,2168.0,912.0,653.0,490.0,706.0,259.0,4.0,64.0,30.0,1199.0,396.0,44.0,142.0,186.0,83.0,36.0,21.0,86.0,105.0,363.0,152.0,78.0,48.0,116.0,44.0,0.0,0.0,0.5588235294117647,0.6470588235294118,0.4705882352941176,0.55,0.4206642066420664,0.7503828483920367,0.3668555240793201,0.2959276018099547,0.7040723981900453,0.4271844660194174,0.7655786350148368,0.3587628865979381,0.2995744680851064,0.7004255319148937,35.0
10,NYL,NYL,EA,7.0,N,,,,13.0,21.0,34.0,8.0,9.0,5.0,12.0,9.0,13.0,6900.0,2348.5,184.27272727272728,80.72727272727273,353.0,170.0,2512.0,280.0,802.0,1082.0,526.0,276.0,121.0,518.0,637.0,2168.0,900.0,582.0,458.0,710.0,254.0,3.0,0.0,0.0,0.0,0.0,0.0,0.0,0.0,0.0,0.0,0.0,0.0,0.0,0.0,0.0,0.0,0.0,0.0,0.0,0.0,0.0,0.3823529411764705,0.4705882352941176,0.2941176470588235,0.4090909090909091,0.4151291512915129,0.7869415807560137,0.3577464788732394,0.2587800369685767,0.7412199630314233,0.4200278164116829,0.7890044576523031,0.3465703971119133,0.2770382695507487,0.7229617304492513,-23.0
1,ORL,CON,EA,3.0,Y,L,,,16.0,16.0,32.0,11.0,5.0,5.0,11.0,13.0,8.0,6500.0,0.0,180.23076923076923,75.15384615384616,305.0,160.0,2208.0,319.0,606.0,925.0,473.0,255.0,130.0,474.0,583.0,1911.0,833.0,546.0,397.0,424.0,145.0,5.0,24.0,15.0,600.0,159.0,22.0,53.0,75.0,37.0,18.0,14.0,37.0,49.0,169.0,64.0,30.0,21.0,39.0,10.0,0.0,0.0,0.5,0.6875,0.3125,0.6190476190476191,0.4358974358974359,0.7271062271062271,0.3419811320754717,0.3448648648648648,0.6551351351351351,0.4332993890020367,0.7636363636363637,0.34,0.3421828908554572,0.6578171091445427,-25.0
2,ORL,CON,EA,5.0,N,,,,13.0,19.0,32.0,10.0,6.0,3.0,13.0,9.0,12.0,6450.0,100.0,182.66666666666663,78.75,310.0,160.0,2140.0,356.0,614.0,970.0,452.0,320.0,125.0,524.0,643.0,1914.0,768.0,587.0,430.0,532.0,174.0,3.0,0.0,0.0,0.0,0.0,0.0,0.0,0.0,0.0,0.0,0.0,0.0,0.0,0.0,0.0,0.0,0.0,0.0,0.0,0.0,0.0,0.40625,0.625,0.1875,0.4285714285714285,0.4012539184952978,0.7325383304940375,0.3270676691729323,0.3670103092783505,0.6329896907216495,0.440196613872201,0.7206611570247934,0.3584474885844749,0.3241025641025641,0.6758974358974359,-65.0
3,ORL,CON,EA,5.0,N,,,,16.0,16.0,32.0,10.0,6.0,6.0,10.0,13.0,8.0,6525.0,0.0,183.5,78.21428571428571,313.0,160.0,2254.0,320.0,595.0,915.0,446.0,295.0,113.0,450.0,669.0,1914.0,808.0,646.0,493.0,461.0,145.0,5.0,0.0,0.0,0.0,0.0,0.0,0.0,0.0,0.0,0.0,0.0,0.0,0.0,0.0,0.0,0.0,0.0,0.0,0.0,0.0,0.0,0.5,0.625,0.375,0.6190476190476191,0.4221525600835946,0.7631578947368421,0.3145336225596529,0.3497267759562841,0.6502732240437158,0.4317937701396348,0.7350299401197605,0.3696682464454976,0.3460803059273422,0.6539196940726577,-1.0
1,PHO,PHO,WE,4.0,Y,L,,,20.0,12.0,32.0,11.0,5.0,9.0,7.0,11.0,10.0,6425.0,0.0,183.0,74.57142857142857,304.0,160.0,2243.0,275.0,619.0,894.0,465.0,285.0,91.0,423.0,630.0,1800.0,803.0,661.0,513.0,394.0,124.0,5.0,17.0,10.0,400.0,147.0,12.0,36.0,48.0,34.0,11.0,10.0,23.0,45.0,119.0,53.0,42.0,30.0,40.0,11.0,0.0,0.0,0.625,0.6875,0.5625,0.5238095238095238,0.4461111111111111,0.7760968229954615,0.3147208121827411,0.3076062639821029,0.6923937360178971,0.4228665207877461,0.7334494773519163,0.3245192307692308,0.3446852425180599,0.6553147574819401,141.0
2,PHO,PHO,WE,5.0,N,,,,13.0,19.0,32.0,10.0,6.0,3.0,13.0,8.0,13.0,6450.0,0.0,181.16666666666663,71.88888888888889,333.0,160.0,2064.0,300.0,642.0,942.0,514.0,292.0,138.0,508.0,625.0,1894.0,767.0,587.0,429.0,313.0,101.0,6.0,0.0,0.0,0.0,0.0,0.0,0.0,0.0,0.0,0.0,0.0,0.0,0.0,0.0,0.0,0.0,0.0,0.0,0.0,0.0,0.0,0.40625,0.625,0.1875,0.3809523809523809,0.4049630411826821,0.7308347529812607,0.3226837060702875,0.3184713375796178,0.6815286624203821,0.4149048625792811,0.791095890410959,0.3503836317135549,0.3229873908826382,0.6770126091173618,-105.0
3,PHO,PHO,WE,7.0,N,,,,11.0,21.0,32.0,10.0,6.0,1.0,15.0,7.0,14.0,6400.0,37.5,185.13333333333333,74.4,326.0,160.0,2091.0,292.0,626.0,918.0,427.0,267.0,94.0,491.0,623.0,1889.0,793.0,538.0,405.0,328.0,100.0,1.0,0.0,0.0,0.0,0.0,0.0,0.0,0.0,0.0,0.0,0.0,0.0,0.0,0.0,0.0,0.0,0.0,0.0,0.0,0.0,0.0,0.34375,0.625,0.0625,0.3333333333333333,0.4197988353626257,0.7527881040892194,0.3048780487804878,0.3180827886710239,0.681917211328976,0.4545454545454545,0.7171052631578947,0.3994845360824742,0.3086913086913087,0.6913086913086913,-200.0
4,PHO,PHO,WE,7.0,N,,,,8.0,26.0,34.0,6.0,11.0,2.0,15.0,5.0,19.0,6925.0,0.0,181.23809523809524,72.33333333333333,352.0,170.0,2097.0,357.0,643.0,1000.0,461.0,310.0,111.0,463.0,664.0,2095.0,801.0,556.0,379.0,349.0,116.0,8.0,0.0,0.0,0.0,0.0,0.0,0.0,0.0,0.0,0.0,0.0,0.0,0.0,0.0,0.0,0.0,0.0,0.0,0.0,0.0,0.0,0.2352941176470588,0.3529411764705882,0.1176470588235294,0.2083333333333333,0.3823389021479713,0.6816546762589928,0.332378223495702,0.357,0.643,0.4467059453668988,0.744408945686901,0.3665768194070081,0.2719928186714542,0.7280071813285458,-173.0
5,PHO,PHO,WE,5.0,N,,,,17.0,17.0,34.0,10.0,7.0,7.0,10.0,11.0,11.0,6825.0,0.0,185.78571428571428,77.57142857142857,342.0,170.0,2300.0,264.0,652.0,916.0,501.0,282.0,137.0,453.0,748.0,1922.0,826.0,598.0,456.0,519.0,192.0,13.0,0.0,0.0,0.0,0.0,0.0,0.0,0.0,0.0,0.0,0.0,0.0,0.0,0.0,0.0,0.0,0.0,0.0,0.0,0.0,1.0,0.5,0.5882352941176471,0.4117647058823529,0.5,0.4297606659729448,0.7625418060200669,0.3699421965317919,0.2882096069868995,0.7117903930131004,0.4249322493224932,0.7375690607734806,0.382183908045977,0.3029411764705882,0.6970588235294117,65.0
6,PHO,PHO,WE,5.0,N,,,,16.0,18.0,34.0,11.0,6.0,5.0,12.0,12.0,10.0,6800.0,300.0,185.06666666666663,77.06666666666666,320.0,170.0,2361.0,342.0,720.0,1062.0,549.0,243.0,179.0,510.0,697.0,1994.0,826.0,693.0,531.0,539.0,178.0,12.0,0.0,0.0,0.0,0.0,0.0,0.0,0.0,0.0,0.0,0.0,0.0,0.0,0.0,0.0,0.0,0.0,0.0,0.0,0.0,0.0,0.4705882352941176,0.6470588235294118,0.2941176470588235,0.5454545454545454,0.4142427281845536,0.7662337662337663,0.3302411873840445,0.3220338983050847,0.6779661016949152,0.4290015052684395,0.7263888888888889,0.3644578313253012,0.3115234375,0.6884765625,7.0
7,PHO,PHO,WE,5.0,N,,,,18.0,16.0,34.0,10.0,7.0,8.0,9.0,8.0,12.0,6900.0,0.0,182.0625,72.3125,334.0,170.0,2960.0,334.0,811.0,1145.0,640.0,275.0,127.0,433.0,741.0,2434.0,1079.0,684.0,537.0,722.0,265.0,9.0,0.0,0.0,0.0,0.0,0.0,0.0,0.0,0.0,0.0,0.0,0.0,0.0,0.0,0.0,0.0,0.0,0.0,0.0,0.0,1.0,0.5294117647058824,0.5882352941176471,0.4705882352941176,0.4,0.443303204601479,0.7850877192982456,0.3670360110803324,0.2917030567685589,0.7082969432314411,0.4334745762711864,0.7394366197183099,0.3284789644012945,0.3180046765393609,0.6819953234606392,81.0
8,PHO,PHO,WE,1.0,Y,W,W,W,23.0,11.0,34.0,12.0,5.0,11.0,6.0,17.0,5.0,6850.0,416.0,182.69230769230768,74.92307692307692,320.0,170.0,3025.0,279.0,873.0,1152.0,683.0,285.0,159.0,483.0,658.0,2419.0,1063.0,754.0,616.0,802.0,283.0,5.0,74.0,45.0,1801.0,862.0,104.0,223.0,327.0,176.0,70.0,43.0,99.0,165.0,669.0,291.0,218.0,183.0,257.0,97.0,1.0,1.0,0.6764705882352942,0.7058823529411765,0.6470588235294118,0.7727272727272727,0.4394377842083505,0.8169761273209549,0.3528678304239401,0.2421875,0.7578125,0.4045922406967537,0.7960893854748603,0.3805774278215223,0.3201438848920863,0.6798561151079137,121.0
9,PHO,PHO,WE,6.0,N,,,,16.0,18.0,34.0,10.0,7.0,6.0,11.0,8.0,12.0,6825.0,0.0,182.57142857142856,75.78571428571429,331.0,170.0,3010.0,375.0,851.0,1226.0,560.0,232.0,156.0,481.0,794.0,2485.0,1069.0,773.0,642.0,701.0,230.0,11.0,0.0,0.0,0.0,0.0,0.0,0.0,0.0,0.0,0.0,0.0,0.0,0.0,0.0,0.0,0.0,0.0,0.0,0.0,0.0,0.0,0.4705882352941176,0.5882352941176471,0.3529411764705882,0.4,0.4301810865191147,0.8305304010349288,0.3281027104136947,0.3058727569331158,0.6941272430668842,0.4211382113821138,0.7446351931330472,0.3496402877697842,0.3389830508474576,0.6610169491525424,1.0
10,PHO,PHO,WE,1.0,Y,W,W,W,23.0,11.0,34.0,12.0,5.0,11.0,6.0,13.0,7.0,6900.0,470.0,182.0,73.33333333333333,327.0,170.0,3156.0,284.0,906.0,1190.0,625.0,225.0,181.0,489.0,740.0,2454.0,1128.0,752.0,643.0,665.0,257.0,6.0,102.0,55.0,2225.0,1034.0,97.0,267.0,364.0,191.0,64.0,41.0,124.0,226.0,778.0,370.0,239.0,202.0,231.0,92.0,2.0,3.0,0.6764705882352942,0.7058823529411765,0.6470588235294118,0.65,0.4596577017114914,0.8550531914893617,0.3864661654135338,0.2386554621848739,0.761344537815126,0.423702556158017,0.7497062279670975,0.3371710526315789,0.3276264591439689,0.6723735408560312,125.0
1,POR,POR,WE,7.0,N,,,,10.0,22.0,32.0,6.0,10.0,4.0,12.0,4.0,17.0,6525.0,0.0,182.75,75.33333333333333,333.0,160.0,2155.0,309.0,627.0,936.0,480.0,265.0,93.0,565.0,761.0,1828.0,761.0,697.0,488.0,433.0,145.0,11.0,0.0,0.0,0.0,0.0,0.0,0.0,0.0,0.0,0.0,0.0,0.0,0.0,0.0,0.0,0.0,0.0,0.0,0.0,0.0,0.0,0.3125,0.375,0.25,0.1904761904761904,0.4163019693654267,0.7001434720229556,0.3348729792147806,0.3301282051282051,0.6698717948717948,0.4266377910124526,0.7532637075718016,0.3355704697986577,0.3221406086044071,0.6778593913955928,-148.0
2,POR,POR,WE,7.0,N,,,,11.0,21.0,32.0,6.0,10.0,5.0,11.0,5.0,16.0,6525.0,62.0,181.30769230769232,76.3076923076923,333.0,160.0,2088.0,300.0,696.0,996.0,451.0,244.0,106.0,486.0,633.0,1891.0,733.0,612.0,450.0,519.0,172.0,3.0,0.0,0.0,0.0,0.0,0.0,0.0,0.0,0.0,0.0,0.0,0.0,0.0,0.0,0.0,0.0,0.0,0.0,0.0,0.0,1.0,0.34375,0.375,0.3125,0.238095238095238,0.387625594923321,0.7352941176470589,0.3314065510597302,0.3012048192771084,0.6987951807228916,0.4068930041152263,0.7027439024390244,0.3878048780487805,0.310126582278481,0.689873417721519,-114.0
3,POR,POR,WE,5.0,N,,,,16.0,16.0,32.0,9.0,7.0,7.0,9.0,8.0,13.0,6475.0,164.0,181.53846153846155,76.6923076923077,331.0,160.0,2195.0,307.0,641.0,948.0,492.0,239.0,120.0,479.0,623.0,1951.0,829.0,564.0,410.0,391.0,127.0,0.0,0.0,0.0,0.0,0.0,0.0,0.0,0.0,0.0,0.0,0.0,0.0,0.0,0.0,0.0,0.0,0.0,0.0,0.0,0.0,0.0,0.5,0.5625,0.4375,0.3809523809523809,0.424910302409021,0.7269503546099291,0.3248081841432225,0.3238396624472573,0.6761603375527426,0.4344827586206896,0.7156105100463679,0.3620689655172414,0.3300395256916996,0.6699604743083004,-32.0
1,SAC,SAC,WE,3.0,Y,L,,,21.0,11.0,32.0,13.0,3.0,8.0,8.0,13.0,8.0,6400.0,0.0,180.33333333333331,73.08333333333333,306.0,160.0,2343.0,388.0,650.0,1038.0,567.0,332.0,157.0,449.0,571.0,1993.0,876.0,650.0,449.0,459.0,142.0,5.0,19.0,10.0,400.0,134.0,19.0,44.0,63.0,31.0,15.0,4.0,22.0,34.0,118.0,48.0,32.0,27.0,32.0,11.0,1.0,0.0,0.65625,0.8125,0.5,0.6190476190476191,0.4395383843452082,0.6907692307692308,0.3093681917211329,0.3737957610789981,0.626204238921002,0.4228362877997914,0.7536764705882353,0.3444976076555024,0.3364879074658254,0.6635120925341745,167.0
2,SAC,SAC,WE,2.0,Y,W,L,,20.0,12.0,32.0,12.0,4.0,8.0,8.0,13.0,8.0,6525.0,48.75,181.7692307692308,73.38461538461539,306.0,160.0,2294.0,374.0,723.0,1097.0,558.0,276.0,158.0,483.0,588.0,1974.0,837.0,618.0,457.0,423.0,163.0,5.0,48.0,25.0,1000.0,375.0,49.0,101.0,150.0,79.0,35.0,20.0,52.0,89.0,324.0,125.0,112.0,91.0,80.0,34.0,0.0,0.0,0.625,0.75,0.5,0.6190476190476191,0.4240121580547112,0.7394822006472492,0.3853427895981087,0.340929808568824,0.659070191431176,0.401397903145282,0.7179930795847751,0.29,0.3412935323383084,0.6587064676616915,155.0
3,SAC,SAC,WE,6.0,N,,,,14.0,18.0,32.0,10.0,6.0,4.0,12.0,8.0,13.0,6575.0,210.0,184.07142857142856,74.64285714285714,295.0,160.0,2166.0,301.0,648.0,949.0,500.0,247.0,109.0,448.0,675.0,1945.0,780.0,653.0,494.0,395.0,112.0,8.0,0.0,0.0,0.0,0.0,0.0,0.0,0.0,0.0,0.0,0.0,0.0,0.0,0.0,0.0,0.0,0.0,0.0,0.0,0.0,0.0,0.4375,0.625,0.25,0.3809523809523809,0.4010282776349614,0.7565084226646248,0.2835443037974683,0.3171759747102213,0.6828240252897787,0.419238683127572,0.7562408223201175,0.3289183222958057,0.3274418604651162,0.6725581395348837,-128.0
4,SAC,SAC,WE,3.0,Y,W,L,,19.0,15.0,34.0,12.0,5.0,7.0,10.0,13.0,11.0,6825.0,202.23529411764707,184.0909090909091,74.0909090909091,343.0,170.0,2299.0,349.0,718.0,1067.0,568.0,297.0,122.0,449.0,641.0,2107.0,862.0,626.0,425.0,473.0,150.0,7.0,58.0,30.0,1200.0,377.0,51.0,137.0,188.0,84.0,24.0,19.0,79.0,106.0,347.0,141.0,96.0,74.0,75.0,21.0,0.0,0.0,0.5588235294117647,0.7058823529411765,0.4117647058823529,0.5416666666666666,0.4091124822021832,0.6789137380191693,0.3171247357293869,0.3270852858481724,0.6729147141518276,0.4098442993470618,0.7286432160804021,0.3190578158458244,0.3147810218978102,0.6852189781021898,83.0
5,SAC,SAC,WE,4.0,Y,W,L,,18.0,16.0,34.0,10.0,7.0,8.0,9.0,12.0,10.0,6900.0,375.0,183.75,74.58333333333333,357.0,170.0,2312.0,389.0,635.0,1024.0,519.0,314.0,118.0,461.0,641.0,2072.0,874.0,604.0,435.0,365.0,129.0,3.0,57.0,30.0,1225.0,392.0,61.0,114.0,175.0,89.0,66.0,33.0,81.0,97.0,363.0,148.0,103.0,76.0,72.0,20.0,0.0,0.0,0.5294117647058824,0.5882352941176471,0.4705882352941176,0.5454545454545454,0.4218146718146718,0.7201986754966887,0.3534246575342465,0.3798828125,0.6201171875,0.4289529914529914,0.751188589540412,0.3515283842794759,0.3144016227180527,0.6855983772819473,71.0
6,SAC,SAC,WE,1.0,Y,W,W,W,25.0,9.0,34.0,15.0,2.0,10.0,7.0,17.0,5.0,6800.0,687.0,183.66666666666663,73.83333333333333,321.0,170.0,2253.0,355.0,659.0,1014.0,513.0,288.0,103.0,465.0,655.0,1946.0,825.0,687.0,474.0,360.0,129.0,1.0,75.0,40.0,1637.0,567.0,68.0,181.0,249.0,131.0,54.0,15.0,99.0,151.0,487.0,215.0,137.0,100.0,80.0,37.0,1.0,1.0,0.7352941176470589,0.8823529411764706,0.5882352941176471,0.7727272727272727,0.4295065458207452,0.6851595006934813,0.3583333333333333,0.3537871524448706,0.6462128475551294,0.4119583104772353,0.7320061255742726,0.300531914893617,0.2823164426059979,0.717683557394002,236.0
7,SAC,SAC,WE,2.0,Y,W,W,L,21.0,13.0,34.0,14.0,3.0,7.0,10.0,10.0,10.0,6875.0,1199.0,184.7,75.0,296.0,137.0,2036.0,331.0,637.0,968.0,457.0,268.0,70.0,414.0,535.0,1800.0,738.0,591.0,428.0,374.0,132.0,2.0,77.0,45.0,1622.0,635.0,92.0,168.0,260.0,136.0,67.0,19.0,96.0,155.0,545.0,237.0,158.0,113.0,116.0,48.0,0.0,2.0,0.6176470588235294,0.8235294117647058,0.4117647058823529,0.5,0.419634703196347,0.7314439946018894,0.3405639913232104,0.367311072056239,0.632688927943761,0.4314695695200395,0.762481089258699,0.3076923076923077,0.2885181550539745,0.7114818449460255,133.0
8,SAC,SAC,WE,3.0,Y,L,,,19.0,15.0,34.0,12.0,5.0,7.0,10.0,12.0,10.0,6950.0,0.0,184.91666666666663,75.16666666666667,313.0,170.0,2331.0,429.0,698.0,1127.0,507.0,288.0,91.0,524.0,587.0,2044.0,832.0,675.0,522.0,397.0,145.0,5.0,27.0,15.0,544.0,215.0,32.0,65.0,97.0,42.0,28.0,12.0,43.0,54.0,182.0,78.0,58.0,47.0,32.0,12.0,0.0,0.0,0.5588235294117647,0.7058823529411765,0.4117647058823529,0.5454545454545454,0.4069557362240289,0.7677852348993288,0.3566433566433566,0.3846808510638297,0.6153191489361702,0.4281595386833253,0.7710843373493976,0.340036563071298,0.3001949317738791,0.6998050682261209,47.0
9,SAC,SAC,WE,4.0,Y,L,,,18.0,16.0,34.0,13.0,4.0,5.0,12.0,9.0,11.0,6800.0,495.0,183.69230769230768,74.61538461538461,329.0,167.0,2347.0,378.0,699.0,1077.0,449.0,287.0,71.0,477.0,637.0,1996.0,817.0,737.0,556.0,408.0,157.0,3.0,29.0,15.0,567.0,228.0,24.0,67.0,91.0,55.0,22.0,4.0,46.0,67.0,176.0,91.0,43.0,35.0,33.0,11.0,1.0,0.0,0.5294117647058824,0.7647058823529411,0.2941176470588235,0.45,0.4089856415006948,0.7487745098039216,0.3835616438356164,0.3498647430117222,0.6501352569882777,0.450187969924812,0.7540192926045016,0.3431734317343173,0.2865116279069767,0.7134883720930233,-26.0
10,SAC,SAC,WE,6.0,N,,,,12.0,22.0,34.0,7.0,10.0,5.0,12.0,6.0,14.0,6850.0,1752.470588235294,184.0,77.61538461538461,311.0,141.0,2385.0,372.0,729.0,1101.0,513.0,256.0,91.0,489.0,575.0,2001.0,867.0,657.0,527.0,364.0,124.0,2.0,0.0,0.0,0.0,0.0,0.0,0.0,0.0,0.0,0.0,0.0,0.0,0.0,0.0,0.0,0.0,0.0,0.0,0.0,0.0,0.0,0.3529411764705882,0.4117647058823529,0.2941176470588235,0.3,0.4311759343664539,0.7876344086021505,0.3393316195372751,0.3388214904679376,0.6611785095320624,0.4475461503827105,0.8174061433447098,0.369205298013245,0.3171206225680933,0.6828793774319066,-80.0
4,SAS,SAS,WE,6.0,N,,,,12.0,22.0,34.0,9.0,8.0,3.0,14.0,10.0,14.0,6825.0,302.1764705882353,182.45454545454547,78.18181818181819,344.0,170.0,2215.0,350.0,795.0,1145.0,428.0,187.0,167.0,502.0,728.0,2068.0,792.0,736.0,538.0,315.0,93.0,8.0,0.0,0.0,0.0,0.0,0.0,0.0,0.0,0.0,0.0,0.0,0.0,0.0,0.0,0.0,0.0,0.0,0.0,0.0,0.0,0.0,0.3529411764705882,0.5294117647058824,0.1764705882352941,0.4166666666666667,0.3829787234042553,0.7309782608695652,0.2952380952380952,0.3056768558951965,0.6943231441048034,0.3984375,0.7302013422818792,0.3091286307053942,0.3319112627986348,0.6680887372013652,-212.0
5,SAS,SAS,WE,7.0,N,,,,9.0,25.0,34.0,6.0,11.0,3.0,14.0,6.0,16.0,6875.0,250.0,183.8,76.33333333333333,344.0,170.0,2191.0,302.0,701.0,1003.0,493.0,272.0,106.0,498.0,628.0,1940.0,812.0,628.0,488.0,247.0,79.0,5.0,0.0,0.0,0.0,0.0,0.0,0.0,0.0,0.0,0.0,0.0,0.0,0.0,0.0,0.0,0.0,0.0,0.0,0.0,0.0,0.0,0.2647058823529412,0.3529411764705882,0.1764705882352941,0.2727272727272727,0.4185567010309278,0.7770700636942676,0.3198380566801619,0.3010967098703888,0.6989032901296112,0.4433349975037444,0.7375886524822695,0.3667377398720682,0.3133462282398452,0.6866537717601547,-173.0
6,SAS,SAS,WE,7.0,N,,,,7.0,27.0,34.0,5.0,12.0,2.0,15.0,3.0,19.0,6800.0,887.0,182.16666666666663,74.0,303.0,156.0,1843.0,199.0,572.0,771.0,427.0,186.0,46.0,461.0,560.0,1611.0,660.0,524.0,413.0,339.0,110.0,7.0,0.0,0.0,0.0,0.0,0.0,0.0,0.0,0.0,0.0,0.0,0.0,0.0,0.0,0.0,0.0,0.0,0.0,0.0,0.0,0.0,0.2058823529411764,0.2941176470588235,0.1176470588235294,0.1363636363636363,0.4168030551009274,0.7714723926380368,0.3244837758112094,0.2706131078224101,0.7293868921775899,0.4361340456532297,0.7577741407528642,0.3480392156862745,0.3327014218009478,0.6672985781990521,-260.0
7,SAS,SAS,WE,6.0,N,,,,13.0,21.0,34.0,6.0,11.0,7.0,10.0,10.0,10.0,6800.0,1027.0,182.3,73.5,269.0,156.0,2032.0,273.0,645.0,918.0,492.0,223.0,53.0,351.0,485.0,1822.0,732.0,549.0,427.0,429.0,141.0,1.0,0.0,0.0,0.0,0.0,0.0,0.0,0.0,0.0,0.0,0.0,0.0,0.0,0.0,0.0,0.0,0.0,0.0,0.0,0.0,0.0,0.3823529411764705,0.3529411764705882,0.4117647058823529,0.5,0.4057649667405765,0.75,0.3399280575539568,0.3030821917808219,0.696917808219178,0.4305923961096375,0.765625,0.3594771241830065,0.3007275666936135,0.6992724333063864,-80.0
8,SAS,SAS,WE,2.0,Y,W,L,,20.0,14.0,34.0,9.0,8.0,11.0,6.0,13.0,9.0,6875.0,1331.0,182.4,76.3,270.0,158.0,2000.0,286.0,646.0,932.0,500.0,234.0,115.0,429.0,558.0,1761.0,750.0,472.0,376.0,351.0,124.0,1.0,42.0,25.0,942.0,382.0,55.0,108.0,163.0,96.0,38.0,24.0,67.0,92.0,318.0,140.0,82.0,63.0,87.0,39.0,1.0,0.0,0.5882352941176471,0.5294117647058824,0.6470588235294118,0.5909090909090909,0.4241727941176471,0.804159445407279,0.3657243816254417,0.297148114075437,0.702851885924563,0.4226273959794296,0.7688953488372093,0.3237885462555066,0.3175021987686895,0.6824978012313104,33.0
9,SAS,SAS,WE,1.0,Y,W,W,L,24.0,10.0,34.0,15.0,2.0,9.0,8.0,10.0,10.0,6850.0,1854.0,180.91666666666663,73.83333333333333,282.0,147.0,2302.0,213.0,769.0,982.0,543.0,236.0,129.0,435.0,504.0,1902.0,825.0,611.0,497.0,474.0,155.0,3.0,71.0,37.0,1576.0,585.0,53.0,161.0,214.0,128.0,51.0,28.0,112.0,114.0,484.0,206.0,165.0,134.0,106.0,39.0,0.0,0.0,0.7058823529411765,0.8823529411764706,0.5294117647058824,0.5,0.4331730769230769,0.80835734870317,0.3395176252319109,0.2250686184812443,0.7749313815187557,0.3980625275209159,0.7429022082018928,0.2877846790890269,0.3225538971807628,0.6774461028192371,128.0
10,SAS,SAS,WE,4.0,Y,L,,,15.0,19.0,34.0,10.0,7.0,5.0,12.0,10.0,10.0,6950.0,2554.0,179.33333333333334,74.88888888888889,270.0,160.0,2399.0,252.0,690.0,942.0,560.0,230.0,97.0,410.0,515.0,1997.0,857.0,577.0,456.0,672.0,229.0,5.0,23.0,15.0,536.0,241.0,26.0,52.0,78.0,47.0,20.0,6.0,24.0,43.0,184.0,90.0,52.0,39.0,45.0,22.0,0.0,0.0,0.4411764705882353,0.5882352941176471,0.2941176470588235,0.5,0.4273972602739726,0.7779552715654952,0.3464140730717185,0.2678741658722593,0.7321258341277407,0.4387889425186485,0.7870967741935484,0.3466933867735471,0.3063973063973064,0.6936026936026936,-46.0
1,SEA,SEA,WE,8.0,N,,,,6.0,26.0,32.0,4.0,12.0,2.0,14.0,4.0,17.0,6475.0,0.0,183.0,72.92857142857143,326.0,160.0,1822.0,256.0,537.0,793.0,390.0,255.0,93.0,502.0,648.0,1740.0,667.0,561.0,379.0,364.0,109.0,4.0,0.0,0.0,0.0,0.0,0.0,0.0,0.0,0.0,0.0,0.0,0.0,0.0,0.0,0.0,0.0,0.0,0.0,0.0,0.0,0.0,0.1875,0.25,0.125,0.1904761904761904,0.3833333333333333,0.6755793226381461,0.2994505494505494,0.3228247162673392,0.6771752837326608,0.452062754212667,0.7614678899082569,0.3502994011976048,0.2854311199207135,0.7145688800792864,-349.0
2,SEA,SEA,WE,8.0,N,,,,10.0,22.0,32.0,5.0,11.0,5.0,11.0,6.0,15.0,6550.0,36.0,185.3846153846154,75.38461538461539,326.0,160.0,1921.0,306.0,585.0,891.0,412.0,273.0,127.0,406.0,605.0,1821.0,689.0,606.0,415.0,412.0,128.0,6.0,0.0,0.0,0.0,0.0,0.0,0.0,0.0,0.0,0.0,0.0,0.0,0.0,0.0,0.0,0.0,0.0,0.0,0.0,0.0,0.0,0.3125,0.3125,0.3125,0.2857142857142857,0.3783635365183965,0.6848184818481848,0.3106796116504854,0.3434343434343434,0.6565656565656566,0.4302857142857142,0.7459749552772809,0.3846153846153846,0.2813688212927757,0.7186311787072244,-127.0
3,SEA,SEA,WE,4.0,Y,L,,,17.0,15.0,32.0,10.0,6.0,7.0,9.0,10.0,11.0,6450.0,129.0,182.13333333333333,74.2,313.0,160.0,2188.0,362.0,633.0,995.0,514.0,282.0,151.0,461.0,623.0,1948.0,794.0,543.0,418.0,506.0,182.0,5.0,18.0,10.0,400.0,120.0,15.0,34.0,49.0,28.0,20.0,8.0,35.0,35.0,112.0,39.0,37.0,32.0,37.0,10.0,0.0,0.0,0.53125,0.625,0.4375,0.4761904761904761,0.4075975359342916,0.7697974217311234,0.3596837944664031,0.3638190954773869,0.6361809045226131,0.4306930693069307,0.7410562180579217,0.2982456140350877,0.3168214654282765,0.6831785345717234,85.0
4,SEA,SEA,WE,5.0,N,,,,18.0,16.0,34.0,13.0,4.0,5.0,12.0,11.0,13.0,6850.0,448.0,182.7142857142857,75.07142857142857,343.0,170.0,2388.0,342.0,732.0,1074.0,548.0,232.0,138.0,455.0,644.0,2045.0,890.0,567.0,442.0,500.0,166.0,8.0,0.0,0.0,0.0,0.0,0.0,0.0,0.0,0.0,0.0,0.0,0.0,0.0,0.0,0.0,0.0,0.0,0.0,0.0,0.0,1.0,0.5294117647058824,0.7647058823529411,0.2941176470588235,0.4583333333333333,0.4352078239608802,0.7795414462081128,0.332,0.3184357541899441,0.6815642458100558,0.4139283962726827,0.7461928934010152,0.3318077803203661,0.3381364073006724,0.6618635926993276,114.0
5,SEA,SEA,WE,2.0,Y,W,W,W,20.0,14.0,34.0,13.0,4.0,7.0,10.0,13.0,9.0,6825.0,708.0,183.5,75.58333333333333,326.0,170.0,2437.0,350.0,709.0,1059.0,552.0,302.0,131.0,487.0,665.0,2025.0,873.0,676.0,524.0,439.0,167.0,8.0,81.0,40.0,1625.0,559.0,85.0,175.0,260.0,133.0,67.0,31.0,121.0,144.0,492.0,209.0,126.0,99.0,91.0,42.0,0.0,1.0,0.5882352941176471,0.7647058823529411,0.4117647058823529,0.5909090909090909,0.4311111111111111,0.7751479289940828,0.3804100227790433,0.3305004721435316,0.6694995278564684,0.4278531925590749,0.714527027027027,0.3554987212276215,0.3085539714867617,0.6914460285132383,173.0
6,SEA,SEA,WE,2.0,Y,L,,,20.0,14.0,34.0,14.0,3.0,6.0,11.0,13.0,9.0,6825.0,1056.0,185.30769230769232,76.15384615384616,337.0,170.0,2498.0,323.0,776.0,1099.0,520.0,201.0,158.0,506.0,657.0,2066.0,906.0,688.0,544.0,429.0,142.0,10.0,28.0,15.0,600.0,197.0,17.0,62.0,79.0,40.0,18.0,7.0,40.0,63.0,175.0,70.0,52.0,46.0,48.0,11.0,0.0,0.0,0.5882352941176471,0.8235294117647058,0.3529411764705882,0.5909090909090909,0.4385285575992255,0.7906976744186046,0.331002331002331,0.2939035486806187,0.7060964513193813,0.4123901987979658,0.7585139318885449,0.3174224343675417,0.3274509803921568,0.6725490196078432,91.0
7,SEA,SEA,WE,4.0,Y,L,,,18.0,16.0,34.0,9.0,8.0,9.0,8.0,10.0,10.0,6800.0,1462.0,184.5,76.92857142857143,334.0,170.0,2644.0,327.0,821.0,1148.0,514.0,232.0,127.0,527.0,682.0,2124.0,961.0,712.0,562.0,475.0,160.0,5.0,28.0,15.0,600.0,217.0,21.0,67.0,88.0,48.0,14.0,16.0,32.0,49.0,180.0,68.0,78.0,63.0,64.0,18.0,1.0,2.0,0.5294117647058824,0.5294117647058824,0.5294117647058824,0.5,0.4524482109227872,0.7893258426966292,0.3368421052631579,0.2848432055749129,0.7151567944250871,0.4238052299368801,0.751060820367751,0.3388429752066115,0.3123181377303589,0.6876818622696411,69.0
8,SEA,SEA,WE,4.0,Y,L,,,17.0,17.0,34.0,12.0,5.0,5.0,12.0,11.0,11.0,6825.0,1878.0,184.7142857142857,77.0,341.0,170.0,2734.0,344.0,820.0,1164.0,533.0,242.0,151.0,507.0,620.0,2210.0,964.0,715.0,582.0,639.0,224.0,1.0,17.0,10.0,400.0,173.0,23.0,53.0,76.0,33.0,13.0,11.0,32.0,46.0,148.0,65.0,23.0,22.0,53.0,21.0,1.0,2.0,0.5,0.7058823529411765,0.2941176470588235,0.5,0.4361990950226244,0.813986013986014,0.350547730829421,0.2955326460481099,0.7044673539518901,0.4252477380439465,0.8156996587030717,0.3693181818181818,0.3043875685557586,0.6956124314442413,87.0
9,SEA,SEA,WE,2.0,Y,L,,,22.0,12.0,34.0,16.0,1.0,6.0,11.0,13.0,7.0,6800.0,897.0,185.64285714285717,76.57142857142857,351.0,170.0,2493.0,340.0,822.0,1162.0,530.0,269.0,140.0,487.0,684.0,2112.0,899.0,728.0,552.0,453.0,143.0,4.0,30.0,15.0,598.0,197.0,26.0,61.0,87.0,32.0,33.0,8.0,42.0,62.0,177.0,67.0,63.0,52.0,39.0,11.0,0.0,0.0,0.6470588235294118,0.9411764705882352,0.3529411764705882,0.65,0.4256628787878788,0.7582417582417582,0.3156732891832229,0.2925989672977624,0.7074010327022375,0.3978743068391867,0.7529411764705882,0.3191094619666048,0.304029304029304,0.6959706959706959,87.0
10,SEA,SEA,WE,2.0,Y,L,,,20.0,14.0,34.0,13.0,4.0,7.0,10.0,13.0,7.0,7025.0,1537.0,183.6153846153846,79.3076923076923,307.0,170.0,2544.0,316.0,788.0,1104.0,536.0,276.0,150.0,512.0,710.0,2116.0,909.0,707.0,555.0,486.0,171.0,10.0,25.0,15.0,601.0,202.0,19.0,58.0,77.0,41.0,25.0,15.0,44.0,69.0,182.0,70.0,51.0,43.0,50.0,19.0,2.0,1.0,0.5882352941176471,0.7647058823529411,0.4117647058823529,0.65,0.4295841209829867,0.785007072135785,0.3518518518518518,0.286231884057971,0.7137681159420289,0.4102325581395349,0.7600596125186289,0.3452991452991453,0.3079777365491651,0.6920222634508348,68.0
1,UTA,SAS,WE,5.0,N,,,,18.0,14.0,32.0,12.0,4.0,6.0,10.0,13.0,8.0,6400.0,0.0,184.2142857142857,76.0,302.0,160.0,2413.0,348.0,732.0,1080.0,522.0,214.0,157.0,538.0,698.0,1896.0,858.0,790.0,609.0,262.0,88.0,6.0,0.0,0.0,0.0,0.0,0.0,0.0,0.0,0.0,0.0,0.0,0.0,0.0,0.0,0.0,0.0,0.0,0.0,0.0,0.0,0.0,0.5625,0.75,0.375,0.6190476190476191,0.4525316455696203,0.7708860759493671,0.3358778625954198,0.3222222222222222,0.6777777777777778,0.4378818737270876,0.7364771151178918,0.3482142857142857,0.3435784851811196,0.6564215148188803,6.0
2,UTA,SAS,WE,3.0,Y,L,,,19.0,13.0,32.0,9.0,7.0,10.0,6.0,11.0,10.0,6475.0,45.5,182.25,75.91666666666667,292.0,160.0,2207.0,295.0,775.0,1070.0,524.0,202.0,156.0,484.0,622.0,1849.0,811.0,675.0,507.0,244.0,78.0,7.0,19.0,10.0,400.0,131.0,18.0,46.0,64.0,25.0,13.0,13.0,28.0,47.0,110.0,45.0,50.0,39.0,19.0,2.0,2.0,0.0,0.59375,0.5625,0.625,0.5238095238095238,0.4386154678204434,0.7511111111111111,0.319672131147541,0.2757009345794392,0.7242990654205608,0.3992914979757085,0.740909090909091,0.2913752913752914,0.3531827515400411,0.6468172484599589,15.0
3,UTA,SAS,WE,3.0,Y,W,,,20.0,12.0,32.0,12.0,4.0,8.0,8.0,12.0,9.0,6450.0,219.0,181.92307692307693,77.07692307692308,320.0,160.0,2418.0,347.0,721.0,1068.0,478.0,228.0,178.0,509.0,665.0,1911.0,843.0,844.0,643.0,247.0,89.0,7.0,43.0,25.0,1050.0,362.0,46.0,128.0,174.0,83.0,28.0,31.0,79.0,98.0,307.0,133.0,111.0,80.0,49.0,16.0,1.0,0.0,0.625,0.75,0.5,0.5714285714285714,0.4411302982731554,0.7618483412322274,0.3603238866396761,0.3249063670411985,0.6750936329588015,0.4117077890662796,0.75,0.3342175066312997,0.3588469184890656,0.6411530815109344,74.0
1,WAS,WAS,EA,4.0,Y,L,,,14.0,18.0,32.0,7.0,9.0,7.0,9.0,13.0,8.0,6400.0,0.0,183.53846153846155,76.38461538461539,299.0,160.0,2176.0,300.0,646.0,946.0,521.0,245.0,126.0,492.0,597.0,1813.0,832.0,578.0,403.0,335.0,109.0,3.0,17.0,10.0,400.0,120.0,14.0,30.0,44.0,30.0,13.0,6.0,32.0,30.0,101.0,47.0,32.0,20.0,22.0,6.0,0.0,0.0,0.4375,0.4375,0.4375,0.6190476190476191,0.458907887479316,0.6972318339100346,0.3253731343283582,0.3171247357293869,0.6828752642706131,0.4506666666666666,0.6882882882882883,0.3753148614609571,0.3282107574094401,0.6717892425905598,-45.0
2,WAS,WAS,EA,8.0,N,,,,10.0,22.0,32.0,8.0,8.0,2.0,14.0,4.0,17.0,6500.0,0.0,183.07142857142856,74.85714285714286,320.0,160.0,1928.0,356.0,699.0,1055.0,424.0,257.0,127.0,489.0,537.0,1915.0,739.0,504.0,333.0,418.0,117.0,3.0,0.0,0.0,0.0,0.0,0.0,0.0,0.0,0.0,0.0,0.0,0.0,0.0,0.0,0.0,0.0,0.0,0.0,0.0,0.0,0.0,0.3125,0.5,0.125,0.1904761904761904,0.3859007832898172,0.6607142857142857,0.2799043062200957,0.3374407582938388,0.6625592417061611,0.4066838046272493,0.7430406852248393,0.3578431372549019,0.3099250936329588,0.6900749063670412,-147.0
3,WAS,WAS,EA,3.0,Y,W,,,17.0,15.0,32.0,9.0,7.0,8.0,8.0,12.0,9.0,6450.0,0.0,182.2142857142857,75.14285714285714,318.0,160.0,2135.0,330.0,708.0,1038.0,516.0,221.0,94.0,443.0,583.0,1910.0,806.0,478.0,359.0,443.0,164.0,3.0,46.0,25.0,1000.0,351.0,44.0,89.0,133.0,94.0,32.0,14.0,47.0,85.0,294.0,133.0,77.0,59.0,72.0,26.0,0.0,1.0,0.53125,0.5625,0.5,0.5714285714285714,0.4219895287958115,0.7510460251046025,0.3702031602708803,0.3179190751445087,0.6820809248554913,0.4130320546505517,0.7379182156133829,0.3295964125560538,0.3124368048533872,0.6875631951466128,19.0
4,WAS,WAS,EA,7.0,N,,,,9.0,25.0,34.0,3.0,14.0,6.0,11.0,7.0,17.0,6875.0,213.0,180.28571428571428,71.42857142857143,341.0,170.0,2330.0,382.0,703.0,1085.0,568.0,213.0,99.0,453.0,676.0,2191.0,896.0,507.0,381.0,505.0,157.0,5.0,0.0,0.0,0.0,0.0,0.0,0.0,0.0,0.0,0.0,0.0,0.0,0.0,0.0,0.0,0.0,0.0,0.0,0.0,0.0,0.0,0.2647058823529412,0.1764705882352941,0.3529411764705882,0.2916666666666667,0.4089456869009584,0.7514792899408284,0.3108910891089109,0.352073732718894,0.647926267281106,0.4471224790949336,0.7366136034732272,0.3547717842323651,0.2995515695067264,0.7004484304932735,-168.0
5,WAS,WAS,EA,4.0,Y,L,,,17.0,17.0,34.0,11.0,6.0,6.0,11.0,9.0,11.0,6850.0,0.0,182.66666666666663,72.58333333333333,316.0,170.0,2325.0,337.0,726.0,1063.0,467.0,255.0,128.0,415.0,652.0,2088.0,873.0,661.0,474.0,283.0,105.0,1.0,29.0,15.0,600.0,193.0,34.0,70.0,104.0,31.0,17.0,15.0,38.0,58.0,170.0,67.0,66.0,52.0,23.0,7.0,0.0,0.0,0.5,0.6470588235294118,0.3529411764705882,0.45,0.418103448275862,0.7170953101361573,0.3710247349823322,0.3170272812793979,0.6829727187206021,0.4292101341281669,0.7434402332361516,0.3435294117647058,0.3037974683544304,0.6962025316455697,-59.0
6,WAS,WAS,EA,5.0,N,,,,16.0,18.0,34.0,10.0,7.0,6.0,11.0,9.0,11.0,6900.0,1036.0,179.84615384615384,71.15384615384616,315.0,170.0,2263.0,266.0,677.0,943.0,517.0,260.0,76.0,417.0,697.0,1968.0,847.0,546.0,388.0,510.0,181.0,7.0,0.0,0.0,0.0,0.0,0.0,0.0,0.0,0.0,0.0,0.0,0.0,0.0,0.0,0.0,0.0,0.0,0.0,0.0,0.0,1.0,0.4705882352941176,0.5882352941176471,0.3529411764705882,0.45,0.4303861788617886,0.7106227106227107,0.3549019607843137,0.2820784729586426,0.7179215270413574,0.4449786324786324,0.7546296296296297,0.3464203233256351,0.2607421875,0.7392578125,-42.0
7,WAS,WAS,EA,4.0,Y,L,,,18.0,16.0,34.0,13.0,4.0,5.0,12.0,12.0,8.0,6850.0,1365.0,182.0,76.33333333333333,337.0,170.0,2747.0,330.0,770.0,1100.0,576.0,306.0,113.0,516.0,784.0,2199.0,1016.0,715.0,528.0,522.0,187.0,15.0,19.0,10.0,400.0,126.0,30.0,50.0,80.0,27.0,15.0,3.0,29.0,47.0,141.0,48.0,38.0,22.0,32.0,8.0,1.0,0.0,0.5294117647058824,0.7647058823529411,0.2941176470588235,0.6,0.4620281946339245,0.7384615384615385,0.3582375478927203,0.3,0.7,0.4324452901998097,0.7461809635722679,0.3688969258589512,0.30835734870317,0.69164265129683,90.0
8,WAS,WAS,EA,5.0,N,,,,16.0,18.0,34.0,8.0,9.0,8.0,9.0,8.0,12.0,6900.0,209.52941176470588,183.9333333333333,78.06666666666666,353.0,169.0,2585.0,335.0,783.0,1118.0,472.0,282.0,133.0,545.0,763.0,2170.0,877.0,839.0,668.0,528.0,163.0,10.0,0.0,0.0,0.0,0.0,0.0,0.0,0.0,0.0,0.0,0.0,0.0,0.0,0.0,0.0,0.0,0.0,0.0,0.0,0.0,0.0,0.4705882352941176,0.4705882352941176,0.4705882352941176,0.4,0.404147465437788,0.7961859356376639,0.3087121212121212,0.2996422182468694,0.7003577817531306,0.4169675090252707,0.7690387016229713,0.3365384615384615,0.3170529801324503,0.6829470198675497,-54.0
9,WAS,WAS,EA,6.0,N,,,,10.0,24.0,34.0,6.0,11.0,4.0,13.0,6.0,14.0,6825.0,308.64705882352945,181.375,75.4375,365.0,170.0,2368.0,362.0,770.0,1132.0,483.0,241.0,93.0,602.0,757.0,2131.0,885.0,659.0,435.0,460.0,163.0,8.0,0.0,0.0,0.0,0.0,0.0,0.0,0.0,0.0,0.0,0.0,0.0,0.0,0.0,0.0,0.0,0.0,0.0,0.0,0.0,0.0,0.2941176470588235,0.3529411764705882,0.2352941176470588,0.3,0.4152979821679962,0.6600910470409712,0.3543478260869565,0.3197879858657244,0.6802120141342756,0.4432251908396946,0.7407894736842106,0.3409090909090909,0.2799634034766697,0.7200365965233303,-233.0
10,WAS,WAS,EA,4.0,Y,L,,,16.0,18.0,34.0,11.0,6.0,5.0,12.0,10.0,12.0,6875.0,0.0,182.75,77.91666666666667,328.0,170.0,2585.0,388.0,803.0,1191.0,453.0,314.0,118.0,579.0,725.0,2205.0,933.0,827.0,580.0,426.0,139.0,6.0,17.0,10.0,426.0,153.0,25.0,46.0,71.0,28.0,20.0,8.0,38.0,56.0,143.0,59.0,35.0,27.0,32.0,8.0,2.0,1.0,0.4705882352941176,0.6470588235294118,0.2941176470588235,0.4545454545454545,0.4231292517006803,0.7013301088270859,0.3262910798122065,0.325776658270361,0.6742233417296389,0.4326923076923077,0.7549668874172185,0.3389121338912134,0.2898289828982898,0.7101710171017102,-37.0
-1,rookie_team_avg_2,rookie_franch_avg_2,0,0.0,0,0,0,0,16.89,16.4,33.29,10.31,6.34,6.58,10.07,10.72,10.43,6729.56,549.09,182.45,75.57,320.58,164.14,2321.03,321.04,716.46,1037.49,514.79,258.15,119.49,481.01,641.1,2001.43,843.4,636.13,479.04,457.05,155.18,5.54,25.08,13.59,548.13,193.82,26.06,60.59,86.65,42.88,19.48,10.44,35.88,51.19,168.43,70.6,50.22,38.64,40.12,13.98,0.37,0.51,0.51,0.62,0.4,0.51,0.42,0.75,0.34,0.31,0.69,0.42,0.75,0.34,0.31,0.69,6.56
-1,rookie_team_avg_3,rookie_franch_avg_3,0,0.0,0,0,0,0,16.89,16.4,33.29,10.31,6.34,6.58,10.07,10.72,10.43,6729.56,549.09,182.45,75.57,320.58,164.14,2321.03,321.04,716.46,1037.49,514.79,258.15,119.49,481.01,641.1,2001.43,843.4,636.13,479.04,457.05,155.18,5.54,25.08,13.59,548.13,193.82,26.06,60.59,86.65,42.88,19.48,10.44,35.88,51.19,168.43,70.6,50.22,38.64,40.12,13.98,0.37,0.51,0.51,0.62,0.4,0.51,0.42,0.75,0.34,0.31,0.69,0.42,0.75,0.34,0.31,0.69,6.56
-1,rookie_team_avg_4,rookie_franch_avg_4,0,0.0,0,0,0,0,16.89,16.4,33.29,10.31,6.34,6.58,10.07,10.72,10.43,6729.56,549.09,182.45,75.57,320.58,164.14,2321.03,321.04,716.46,1037.49,514.79,258.15,119.49,481.01,641.1,2001.43,843.4,636.13,479.04,457.05,155.18,5.54,25.08,13.59,548.13,193.82,26.06,60.59,86.65,42.88,19.48,10.44,35.88,51.19,168.43,70.6,50.22,38.64,40.12,13.98,0.37,0.51,0.51,0.62,0.4,0.51,0.42,0.75,0.34,0.31,0.69,0.42,0.75,0.34,0.31,0.69,6.56
-1,rookie_team_avg_5,rookie_franch_avg_5,0,0.0,0,0,0,0,16.89,16.4,33.29,10.31,6.34,6.58,10.07,10.72,10.43,6729.56,549.09,182.45,75.57,320.58,164.14,2321.03,321.04,716.46,1037.49,514.79,258.15,119.49,481.01,641.1,2001.43,843.4,636.13,479.04,457.05,155.18,5.54,25.08,13.59,548.13,193.82,26.06,60.59,86.65,42.88,19.48,10.44,35.88,51.19,168.43,70.6,50.22,38.64,40.12,13.98,0.37,0.51,0.51,0.62,0.4,0.51,0.42,0.75,0.34,0.31,0.69,0.42,0.75,0.34,0.31,0.69,6.56
-1,rookie_team_avg_6,rookie_franch_avg_6,0,0.0,0,0,0,0,16.89,16.4,33.29,10.31,6.34,6.58,10.07,10.72,10.43,6729.56,549.09,182.45,75.57,320.58,164.14,2321.03,321.04,716.46,1037.49,514.79,258.15,119.49,481.01,641.1,2001.43,843.4,636.13,479.04,457.05,155.18,5.54,25.08,13.59,548.13,193.82,26.06,60.59,86.65,42.88,19.48,10.44,35.88,51.19,168.43,70.6,50.22,38.64,40.12,13.98,0.37,0.51,0.51,0.62,0.4,0.51,0.42,0.75,0.34,0.31,0.69,0.42,0.75,0.34,0.31,0.69,6.56
-1,rookie_team_avg_7,rookie_franch_avg_7,0,0.0,0,0,0,0,16.89,16.4,33.29,10.31,6.34,6.58,10.07,10.72,10.43,6729.56,549.09,182.45,75.57,320.58,164.14,2321.03,321.04,716.46,1037.49,514.79,258.15,119.49,481.01,641.1,2001.43,843.4,636.13,479.04,457.05,155.18,5.54,25.08,13.59,548.13,193.82,26.06,60.59,86.65,42.88,19.48,10.44,35.88,51.19,168.43,70.6,50.22,38.64,40.12,13.98,0.37,0.51,0.51,0.62,0.4,0.51,0.42,0.75,0.34,0.31,0.69,0.42,0.75,0.34,0.31,0.69,6.56
-1,rookie_team_avg_8,rookie_franch_avg_8,0,0.0,0,0,0,0,16.74,16.57,33.31,10.22,6.44,6.52,10.14,10.63,10.5,6733.51,535.9,182.45,75.56,321.11,164.27,2324.94,321.79,717.34,1039.13,515.68,258.29,119.79,481.22,640.86,2005.99,844.94,638.31,479.74,457.49,155.31,5.49,24.36,13.2,532.47,188.29,25.31,58.86,84.17,41.66,18.92,10.14,34.86,49.73,163.62,68.59,48.79,37.54,38.98,13.58,0.36,0.51,0.5,0.61,0.39,0.5,0.42,0.75,0.34,0.31,0.69,0.42,0.75,0.34,0.31,0.69,2.02
-1,rookie_team_avg_9,rookie_franch_avg_9,0,0.0,0,0,0,0,16.74,16.57,33.31,10.22,6.44,6.52,10.14,10.63,10.5,6733.51,535.9,182.45,75.56,321.11,164.27,2324.94,321.79,717.34,1039.13,515.68,258.29,119.79,481.22,640.86,2005.99,844.94,638.31,479.74,457.49,155.31,5.49,24.36,13.2,532.47,188.29,25.31,58.86,84.17,41.66,18.92,10.14,34.86,49.73,163.62,68.59,48.79,37.54,38.98,13.58,0.36,0.51,0.5,0.61,0.39,0.5,0.42,0.75,0.34,0.31,0.69,0.42,0.75,0.34,0.31,0.69,2.02
-1,rookie_team_avg_10,rookie_franch_avg_10,0,0.0,0,0,0,0,16.66,16.66,33.32,10.17,6.49,6.49,10.17,10.56,10.56,6735.68,529.13,182.48,75.54,321.31,164.32,2328.64,322.2,717.83,1040.03,515.66,258.95,119.76,481.95,642.02,2009.73,846.47,639.12,480.35,457.89,155.35,5.49,24.15,13.08,527.8,186.82,25.11,58.31,83.42,41.3,18.76,10.03,34.65,49.35,162.27,68.03,48.52,37.29,38.63,13.47,0.35,0.51,0.5,0.61,0.39,0.5,0.42,0.75,0.34,0.31,0.69,0.42,0.75,0.34,0.31,0.69,0.01
-1,rookie_team_avg_11,rookie_franch_avg_11,0,0.0,0,0,0,0,16.66,16.66,33.32,10.17,6.49,6.49,10.17,10.56,10.56,6735.68,529.13,182.48,75.54,321.31,164.32,2328.64,322.2,717.83,1040.03,515.66,258.95,119.76,481.95,642.02,2009.73,846.47,639.12,480.35,457.89,155.35,5.49,24.15,13.08,527.8,186.82,25.11,58.31,83.42,41.3,18.76,10.03,34.65,49.35,162.27,68.03,48.52,37.29,38.63,13.47,0.35,0.51,0.5,0.61,0.39,0.5,0.42,0.75,0.34,0.31,0.69,0.42,0.75,0.34,0.31,0.69,0.01
